"nparticles","tvals","V1","V2","V3","V4","V5","V6","V7","V8"
1,0.0364470614111617,1,0,0,0,0,0,0,0
1,0.109341184233485,1,0,0,0,0,0,0,0
1,0.182235307055808,1,0,0,0,0,0,0,0
1,0.255129429878132,1,0,0,0,0,0,0,0
1,0.328023552700455,1,0,0,0,0,0,0,0
1,0.400917675522779,1,0,0,0,0,0,0,0
1,0.473811798345102,1,0,0,0,0,0,0,0
1,0.546705921167425,1,0,0,0,0,0,0,0
1,0.619600043989749,1,0,0,0,0,0,0,0
1,0.692494166812072,1,0,0,0,0,0,0,0
1,0.765388289634395,1,0,0,0,0,0,0,0
1,0.838282412456719,1,0,0,0,0,0,0,0
1,0.911176535279042,1,0,0,0,0,0,0,0
1,0.984070658101366,1,0,0,0,0,0,0,0
1,1.05696478092369,1,0,0,0,0,0,0,0
1,1.12985890374601,1,0,0,0,0,0,0,0
1,1.20275302656834,1,0,0,0,0,0,0,0
1,1.27564714939066,1,0,0,0,0,0,0,0
1,1.34854127221298,1,0,0,0,0,0,0,0
1,1.42143539503531,1,0,0,0,0,0,0,0
1,1.49432951785763,1,0,0,0,0,0,0,0
1,1.56722364067995,1,0,0,0,0,0,0,0
1,1.64011776350228,1,0,0,0,0,0,0,0
1,1.7130118863246,1,0,0,0,0,0,0,0
1,1.78590600914692,1,0,0,0,0,0,0,0
1,1.85880013196925,1,0,0,0,0,0,0,0
1,1.93169425479157,1,0,0,0,0,0,0,0
1,2.00458837761389,1,0,0,0,0,0,0,0
1,2.07748250043622,1,0,0,0,0,0,0,0
1,2.15037662325854,1,0,0,0,0,0,0,0
1,2.22327074608086,1,0,0,0,0,0,0,0
1,2.29616486890319,1,0,0,0,0,0,0,0
1,2.36905899172551,1,0,0,0,0,0,0,0
1,2.44195311454783,1,0,0,0,0,0,0,0
1,2.51484723737016,1,0,0,0,0,0,0,0
1,2.58774136019248,1,0,0,0,0,0,0,0
1,2.6606354830148,1,0,0,0,0,0,0,0
1,2.73352960583713,1,0,0,0,0,0,0,0
1,2.80642372865945,1,0,0,0,0,0,0,0
1,2.87931785148177,1,0,0,0,0,0,0,0
1,2.9522119743041,1,0,0,0,0,0,0,0
1,3.02510609712642,1,0,0,0,0,0,0,0
1,3.09800021994874,1,0,0,0,0,0,0,0
1,3.17089434277107,1,0,0,0,0,0,0,0
1,3.24378846559339,1,0,0,0,0,0,0,0
1,3.31668258841571,1,0,0,0,0,0,0,0
1,3.38957671123804,1,0,0,0,0,0,0,0
1,3.46247083406036,1,0,0,0,0,0,0,0
1,3.53536495688268,1,0,0,0,0,0,0,0
1,3.60825907970501,1,0,0,0,0,0,0,0
1,3.68115320252733,1,0,0,0,0,0,0,0
1,3.75404732534965,1,0,0,0,0,0,0,0
1,3.82694144817198,1,0,0,0,0,0,0,0
1,3.8998355709943,1,0,0,0,0,0,0,0
1,3.97272969381662,1,0,0,0,0,0,0,0
1,4.04562381663895,1,0,0,0,0,0,0,0
1,4.11851793946127,1,0,0,0,0,0,0,0
1,4.19141206228359,1,0,0,0,0,0,0,0
1,4.26430618510592,1,0,0,0,0,0,0,0
1,4.33720030792824,1,0,0,0,0,0,0,0
1,4.41009443075056,1,0,0,0,0,0,0,0
1,4.48298855357289,1,0,0,0,0,0,0,0
1,4.55588267639521,1,0,0,0,0,0,0,0
1,4.62877679921753,1,0,0,0,0,0,0,0
1,4.70167092203986,1,0,0,0,0,0,0,0
1,4.77456504486218,1,0,0,0,0,0,0,0
1,4.8474591676845,1,0,0,0,0,0,0,0
1,4.92035329050683,1,0,0,0,0,0,0,0
1,4.99324741332915,1,0,0,0,0,0,0,0
1,5.06614153615147,1,0,0,0,0,0,0,0
1,5.1390356589738,1,0,0,0,0,0,0,0
1,5.21192978179612,1,0,0,0,0,0,0,0
1,5.28482390461844,1,0,0,0,0,0,0,0
1,5.35771802744077,1,0,0,0,0,0,0,0
1,5.43061215026309,1,0,0,0,0,0,0,0
1,5.50350627308541,1,0,0,0,0,0,0,0
1,5.57640039590774,1,0,0,0,0,0,0,0
1,5.64929451873006,1,0,0,0,0,0,0,0
1,5.72218864155238,1,0,0,0,0,0,0,0
1,5.79508276437471,1,0,0,0,0,0,0,0
1,5.86797688719703,1,0,0,0,0,0,0,0
1,5.94087101001935,1,0,0,0,0,0,0,0
1,6.01376513284168,1,0,0,0,0,0,0,0
1,6.086659255664,1,0,0,0,0,0,0,0
1,6.15955337848632,1,0,0,0,0,0,0,0
1,6.23244750130865,1,0,0,0,0,0,0,0
1,6.30534162413097,1,0,0,0,0,0,0,0
1,6.37823574695329,1,0,0,0,0,0,0,0
1,6.45112986977562,1,0,0,0,0,0,0,0
1,6.52402399259794,1,0,0,0,0,0,0,0
1,6.59691811542026,1,0,0,0,0,0,0,0
1,6.66981223824259,1,0,0,0,0,0,0,0
1,6.74270636106491,1,0,0,0,0,0,0,0
1,6.81560048388723,1,0,0,0,0,0,0,0
1,6.88849460670956,1,0,0,0,0,0,0,0
1,6.96138872953188,1,0,0,0,0,0,0,0
1,7.0342828523542,1,0,0,0,0,0,0,0
1,7.10717697517653,1,0,0,0,0,0,0,0
1,7.18007109799885,1,0,0,0,0,0,0,0
1,7.25296522082118,1,0,0,0,0,0,0,0
1,7.3258593436435,1,0,0,0,0,0,0,0
1,7.39875346646582,1,0,0,0,0,0,0,0
1,7.47164758928815,1,0,0,0,0,0,0,0
1,7.54454171211047,1,0,0,0,0,0,0,0
1,7.61743583493279,1,0,0,0,0,0,0,0
1,7.69032995775512,1,0,0,0,0,0,0,0
1,7.76322408057744,1,0,0,0,0,0,0,0
1,7.83611820339976,1,0,0,0,0,0,0,0
1,7.90901232622209,1,0,0,0,0,0,0,0
1,7.98190644904441,1,0,0,0,0,0,0,0
1,8.05480057186673,1,0,0,0,0,0,0,0
1,8.12769469468905,1,0,0,0,0,0,0,0
1,8.20058881751138,1,0,0,0,0,0,0,0
1,8.2734829403337,1,0,0,0,0,0,0,0
1,8.34637706315603,1,0,0,0,0,0,0,0
1,8.41927118597835,1,0,0,0,0,0,0,0
1,8.49216530880067,1,0,0,0,0,0,0,0
1,8.565059431623,1,0,0,0,0,0,0,0
1,8.63795355444532,1,0,0,0,0,0,0,0
1,8.71084767726764,1,0,0,0,0,0,0,0
1,8.78374180008997,1,0,0,0,0,0,0,0
1,8.85663592291229,1,0,0,0,0,0,0,0
1,8.92953004573461,1,0,0,0,0,0,0,0
1,9.00242416855694,1,0,0,0,0,0,0,0
1,9.07531829137926,1,0,0,0,0,0,0,0
1,9.14821241420158,1,0,0,0,0,0,0,0
1,9.22110653702391,1,0,0,0,0,0,0,0
1,9.29400065984623,1,0,0,0,0,0,0,0
1,9.36689478266855,1,0,0,0,0,0,0,0
1,9.43978890549088,1,0,0,0,0,0,0,0
1,9.5126830283132,1,0,0,0,0,0,0,0
1,9.58557715113552,1,0,0,0,0,0,0,0
1,9.65847127395785,1,0,0,0,0,0,0,0
1,9.73136539678017,1,0,0,0,0,0,0,0
1,9.80425951960249,1,0,0,0,0,0,0,0
1,9.87715364242482,1,0,0,0,0,0,0,0
1,9.95004776524714,1,0,0,0,0,0,0,0
1,10.0229418880695,1,0,0,0,0,0,0,0
1,10.0958360108918,1,0,0,0,0,0,0,0
1,10.1687301337141,1,0,0,0,0,0,0,0
1,10.2416242565364,1,0,0,0,0,0,0,0
1,10.3145183793588,1,0,0,0,0,0,0,0
1,10.3874125021811,1,0,0,0,0,0,0,0
1,10.4603066250034,1,0,0,0,0,0,0,0
1,10.5332007478257,1,0,0,0,0,0,0,0
1,10.606094870648,1,0,0,0,0,0,0,0
1,10.6789889934704,1,0,0,0,0,0,0,0
1,10.7518831162927,1,0,0,0,0,0,0,0
1,10.824777239115,1,0,0,0,0,0,0,0
1,10.8976713619373,1,0,0,0,0,0,0,0
1,10.9705654847597,1,0,0,0,0,0,0,0
1,11.043459607582,1,0,0,0,0,0,0,0
1,11.1163537304043,1,0,0,0,0,0,0,0
1,11.1892478532266,1,0,0,0,0,0,0,0
1,11.262141976049,1,0,0,0,0,0,0,0
1,11.3350360988713,1,0,0,0,0,0,0,0
1,11.4079302216936,1,0,0,0,0,0,0,0
1,11.4808243445159,1,0,0,0,0,0,0,0
1,11.5537184673383,1,0,0,0,0,0,0,0
1,11.6266125901606,1,0,0,0,0,0,0,0
1,11.6995067129829,1,0,0,0,0,0,0,0
1,11.7724008358052,1,0,0,0,0,0,0,0
1,11.8452949586275,1,0,0,0,0,0,0,0
1,11.9181890814499,1,0,0,0,0,0,0,0
1,11.9910832042722,1,0,0,0,0,0,0,0
1,12.0639773270945,1,0,0,0,0,0,0,0
1,12.1368714499168,1,0,0,0,0,0,0,0
1,12.2097655727392,1,0,0,0,0,0,0,0
1,12.2826596955615,1,0,0,0,0,0,0,0
1,12.3555538183838,1,0,0,0,0,0,0,0
1,12.4284479412061,1,0,0,0,0,0,0,0
1,12.5013420640285,1,0,0,0,0,0,0,0
1,12.5742361868508,1,0,0,0,0,0,0,0
1,12.6471303096731,1,0,0,0,0,0,0,0
1,12.7200244324954,1,0,0,0,0,0,0,0
1,12.7929185553178,1,0,0,0,0,0,0,0
1,12.8658126781401,1,0,0,0,0,0,0,0
1,12.9387068009624,1,0,0,0,0,0,0,0
1,13.0116009237847,1,0,0,0,0,0,0,0
1,13.084495046607,1,0,0,0,0,0,0,0
1,13.1573891694294,1,0,0,0,0,0,0,0
1,13.2302832922517,1,0,0,0,0,0,0,0
1,13.303177415074,1,0,0,0,0,0,0,0
1,13.3760715378963,1,0,0,0,0,0,0,0
1,13.4489656607187,1,0,0,0,0,0,0,0
1,13.521859783541,1,0,0,0,0,0,0,0
1,13.5947539063633,1,0,0,0,0,0,0,0
1,13.6676480291856,1,0,0,0,0,0,0,0
1,13.740542152008,1,0,0,0,0,0,0,0
1,13.8134362748303,1,0,0,0,0,0,0,0
1,13.8863303976526,1,0,0,0,0,0,0,0
1,13.9592245204749,1,0,0,0,0,0,0,0
1,14.0321186432972,1,0,0,0,0,0,0,0
1,14.1050127661196,1,0,0,0,0,0,0,0
1,14.1779068889419,1,0,0,0,0,0,0,0
1,14.2508010117642,1,0,0,0,0,0,0,0
1,14.3236951345865,1,0,0,0,0,0,0,0
1,14.3965892574089,1,0,0,0,0,0,0,0
1,14.4694833802312,1,0,0,0,0,0,0,0
1,14.5423775030535,1,0,0,0,0,0,0,0
1,14.6152716258758,1,0,0,0,0,0,0,0
1,14.6881657486982,1,0,0,0,0,0,0,0
1,14.7610598715205,1,0,0,0,0,0,0,0
1,14.8339539943428,1,0,0,0,0,0,0,0
1,14.9068481171651,1,0,0,0,0,0,0,0
1,14.9797422399875,1,0,0,0,0,0,0,0
1,15.0526363628098,1,0,0,0,0,0,0,0
1,15.1255304856321,1,0,0,0,0,0,0,0
1,15.1984246084544,1,0,0,0,0,0,0,0
1,15.2713187312767,1,0,0,0,0,0,0,0
1,15.3442128540991,1,0,0,0,0,0,0,0
1,15.4171069769214,1,0,0,0,0,0,0,0
1,15.4900010997437,1,0,0,0,0,0,0,0
1,15.562895222566,1,0,0,0,0,0,0,0
1,15.6357893453884,1,0,0,0,0,0,0,0
1,15.7086834682107,1,0,0,0,0,0,0,0
1,15.781577591033,1,0,0,0,0,0,0,0
1,15.8544717138553,1,0,0,0,0,0,0,0
1,15.9273658366777,1,0,0,0,0,0,0,0
1,16.0002599595,1,0,0,0,0,0,0,0
1,16.0731540823223,1,0,0,0,0,0,0,0
1,16.1460482051446,1,0,0,0,0,0,0,0
1,16.218942327967,1,0,0,0,0,0,0,0
1,16.2918364507893,1,0,0,0,0,0,0,0
1,16.3647305736116,1,0,0,0,0,0,0,0
1,16.4376246964339,1,0,0,0,0,0,0,0
1,16.5105188192562,1,0,0,0,0,0,0,0
1,16.5834129420786,1,0,0,0,0,0,0,0
1,16.6563070649009,1,0,0,0,0,0,0,0
1,16.7292011877232,1,0,0,0,0,0,0,0
1,16.8020953105455,1,0,0,0,0,0,0,0
1,16.8749894333679,1,0,0,0,0,0,0,0
1,16.9478835561902,1,0,0,0,0,0,0,0
1,17.0207776790125,1,0,0,0,0,0,0,0
1,17.0936718018348,1,0,0,0,0,0,0,0
1,17.1665659246572,1,0,0,0,0,0,0,0
1,17.2394600474795,1,0,0,0,0,0,0,0
1,17.3123541703018,1,0,0,0,0,0,0,0
1,17.3852482931241,1,0,0,0,0,0,0,0
1,17.4581424159464,1,0,0,0,0,0,0,0
1,17.5310365387688,1,0,0,0,0,0,0,0
1,17.6039306615911,1,0,0,0,0,0,0,0
1,17.6768247844134,1,0,0,0,0,0,0,0
1,17.7497189072357,1,0,0,0,0,0,0,0
1,17.8226130300581,1,0,0,0,0,0,0,0
1,17.8955071528804,1,0,0,0,0,0,0,0
1,17.9684012757027,1,0,0,0,0,0,0,0
1,18.041295398525,1,0,0,0,0,0,0,0
1,18.1141895213474,1,0,0,0,0,0,0,0
1,18.1870836441697,1,0,0,0,0,0,0,0
1,18.259977766992,1,0,0,0,0,0,0,0
1,18.3328718898143,1,0,0,0,0,0,0,0
1,18.4057660126366,1,0,0,0,0,0,0,0
1,18.478660135459,1,0,0,0,0,0,0,0
1,18.5515542582813,1,0,0,0,0,0,0,0
1,18.6244483811036,1,0,0,0,0,0,0,0
1,18.6973425039259,1,0,0,0,0,0,0,0
1,18.7702366267483,1,0,0,0,0,0,0,0
1,18.8431307495706,1,0,0,0,0,0,0,0
1,18.9160248723929,1,0,0,0,0,0,0,0
1,18.9889189952152,1,0,0,0,0,0,0,0
1,19.0618131180376,1,0,0,0,0,0,0,0
1,19.1347072408599,1,0,0,0,0,0,0,0
1,19.2076013636822,1,0,0,0,0,0,0,0
1,19.2804954865045,1,0,0,0,0,0,0,0
1,19.3533896093269,1,0,0,0,0,0,0,0
1,19.4262837321492,1,0,0,0,0,0,0,0
1,19.4991778549715,1,0,0,0,0,0,0,0
1,19.5720719777938,1,0,0,0,0,0,0,0
1,19.6449661006161,1,0,0,0,0,0,0,0
1,19.7178602234385,1,0,0,0,0,0,0,0
1,19.7907543462608,1,0,0,0,0,0,0,0
1,19.8636484690831,1,0,0,0,0,0,0,0
1,19.9365425919054,1,0,0,0,0,0,0,0
1,20.0094367147278,1,0,0,0,0,0,0,0
1,20.0823308375501,1,0,0,0,0,0,0,0
1,20.1552249603724,1,0,0,0,0,0,0,0
1,20.2281190831947,1,0,0,0,0,0,0,0
1,20.3010132060171,1,0,0,0,0,0,0,0
1,20.3739073288394,1,0,0,0,0,0,0,0
1,20.4468014516617,1,0,0,0,0,0,0,0
1,20.519695574484,1,0,0,0,0,0,0,0
1,20.5925896973064,1,0,0,0,0,0,0,0
1,20.6654838201287,1,0,0,0,0,0,0,0
1,20.738377942951,1,0,0,0,0,0,0,0
1,20.8112720657733,1,0,0,0,0,0,0,0
1,20.8841661885956,1,0,0,0,0,0,0,0
1,20.957060311418,1,0,0,0,0,0,0,0
1,21.0299544342403,1,0,0,0,0,0,0,0
1,21.1028485570626,1,0,0,0,0,0,0,0
1,21.1757426798849,1,0,0,0,0,0,0,0
1,21.2486368027073,1,0,0,0,0,0,0,0
1,21.3215309255296,1,0,0,0,0,0,0,0
1,21.3944250483519,1,0,0,0,0,0,0,0
1,21.4673191711742,1,0,0,0,0,0,0,0
1,21.5402132939966,1,0,0,0,0,0,0,0
1,21.6131074168189,1,0,0,0,0,0,0,0
1,21.6860015396412,1,0,0,0,0,0,0,0
1,21.7588956624635,1,0,0,0,0,0,0,0
1,21.8317897852858,1,0,0,0,0,0,0,0
2,0.0364470614111617,1,0,0,0,0,0,0,0
2,0.109341184233485,0.99,0.01,0,0,0,0,0,0
2,0.182235307055808,0.97,0.03,0,0,0,0,0,0
2,0.255129429878132,0.88,0.12,0,0,0,0,0,0
2,0.328023552700455,0.8,0.2,0,0,0,0,0,0
2,0.400917675522779,0.8,0.2,0,0,0,0,0,0
2,0.473811798345102,0.62,0.38,0,0,0,0,0,0
2,0.546705921167425,0.6,0.4,0,0,0,0,0,0
2,0.619600043989749,0.55,0.45,0,0,0,0,0,0
2,0.692494166812072,0.66,0.34,0,0,0,0,0,0
2,0.765388289634395,0.49,0.51,0,0,0,0,0,0
2,0.838282412456719,0.42,0.58,0,0,0,0,0,0
2,0.911176535279042,0.49,0.51,0,0,0,0,0,0
2,0.984070658101366,0.38,0.62,0,0,0,0,0,0
2,1.05696478092369,0.41,0.59,0,0,0,0,0,0
2,1.12985890374601,0.4,0.6,0,0,0,0,0,0
2,1.20275302656834,0.38,0.62,0,0,0,0,0,0
2,1.27564714939066,0.3,0.7,0,0,0,0,0,0
2,1.34854127221298,0.26,0.74,0,0,0,0,0,0
2,1.42143539503531,0.3,0.7,0,0,0,0,0,0
2,1.49432951785763,0.37,0.63,0,0,0,0,0,0
2,1.56722364067995,0.25,0.75,0,0,0,0,0,0
2,1.64011776350228,0.25,0.75,0,0,0,0,0,0
2,1.7130118863246,0.29,0.71,0,0,0,0,0,0
2,1.78590600914692,0.36,0.64,0,0,0,0,0,0
2,1.85880013196925,0.26,0.74,0,0,0,0,0,0
2,1.93169425479157,0.21,0.79,0,0,0,0,0,0
2,2.00458837761389,0.27,0.73,0,0,0,0,0,0
2,2.07748250043622,0.31,0.69,0,0,0,0,0,0
2,2.15037662325854,0.32,0.68,0,0,0,0,0,0
2,2.22327074608086,0.24,0.76,0,0,0,0,0,0
2,2.29616486890319,0.19,0.81,0,0,0,0,0,0
2,2.36905899172551,0.23,0.77,0,0,0,0,0,0
2,2.44195311454783,0.26,0.74,0,0,0,0,0,0
2,2.51484723737016,0.3,0.7,0,0,0,0,0,0
2,2.58774136019248,0.19,0.81,0,0,0,0,0,0
2,2.6606354830148,0.28,0.72,0,0,0,0,0,0
2,2.73352960583713,0.26,0.74,0,0,0,0,0,0
2,2.80642372865945,0.29,0.71,0,0,0,0,0,0
2,2.87931785148177,0.2,0.8,0,0,0,0,0,0
2,2.9522119743041,0.26,0.74,0,0,0,0,0,0
2,3.02510609712642,0.26,0.74,0,0,0,0,0,0
2,3.09800021994874,0.18,0.82,0,0,0,0,0,0
2,3.17089434277107,0.23,0.77,0,0,0,0,0,0
2,3.24378846559339,0.22,0.78,0,0,0,0,0,0
2,3.31668258841571,0.17,0.83,0,0,0,0,0,0
2,3.38957671123804,0.28,0.72,0,0,0,0,0,0
2,3.46247083406036,0.3,0.7,0,0,0,0,0,0
2,3.53536495688268,0.19,0.81,0,0,0,0,0,0
2,3.60825907970501,0.2,0.8,0,0,0,0,0,0
2,3.68115320252733,0.24,0.76,0,0,0,0,0,0
2,3.75404732534965,0.21,0.79,0,0,0,0,0,0
2,3.82694144817198,0.27,0.73,0,0,0,0,0,0
2,3.8998355709943,0.25,0.75,0,0,0,0,0,0
2,3.97272969381662,0.24,0.76,0,0,0,0,0,0
2,4.04562381663895,0.24,0.76,0,0,0,0,0,0
2,4.11851793946127,0.16,0.84,0,0,0,0,0,0
2,4.19141206228359,0.19,0.81,0,0,0,0,0,0
2,4.26430618510592,0.24,0.76,0,0,0,0,0,0
2,4.33720030792824,0.3,0.7,0,0,0,0,0,0
2,4.41009443075056,0.21,0.79,0,0,0,0,0,0
2,4.48298855357289,0.25,0.75,0,0,0,0,0,0
2,4.55588267639521,0.29,0.71,0,0,0,0,0,0
2,4.62877679921753,0.22,0.78,0,0,0,0,0,0
2,4.70167092203986,0.18,0.82,0,0,0,0,0,0
2,4.77456504486218,0.23,0.77,0,0,0,0,0,0
2,4.8474591676845,0.19,0.81,0,0,0,0,0,0
2,4.92035329050683,0.24,0.76,0,0,0,0,0,0
2,4.99324741332915,0.2,0.8,0,0,0,0,0,0
2,5.06614153615147,0.21,0.79,0,0,0,0,0,0
2,5.1390356589738,0.18,0.82,0,0,0,0,0,0
2,5.21192978179612,0.16,0.84,0,0,0,0,0,0
2,5.28482390461844,0.23,0.77,0,0,0,0,0,0
2,5.35771802744077,0.19,0.81,0,0,0,0,0,0
2,5.43061215026309,0.15,0.85,0,0,0,0,0,0
2,5.50350627308541,0.15,0.85,0,0,0,0,0,0
2,5.57640039590774,0.16,0.84,0,0,0,0,0,0
2,5.64929451873006,0.14,0.86,0,0,0,0,0,0
2,5.72218864155238,0.15,0.85,0,0,0,0,0,0
2,5.79508276437471,0.23,0.77,0,0,0,0,0,0
2,5.86797688719703,0.16,0.84,0,0,0,0,0,0
2,5.94087101001935,0.19,0.81,0,0,0,0,0,0
2,6.01376513284168,0.19,0.81,0,0,0,0,0,0
2,6.086659255664,0.18,0.82,0,0,0,0,0,0
2,6.15955337848632,0.16,0.84,0,0,0,0,0,0
2,6.23244750130865,0.26,0.74,0,0,0,0,0,0
2,6.30534162413097,0.25,0.75,0,0,0,0,0,0
2,6.37823574695329,0.25,0.75,0,0,0,0,0,0
2,6.45112986977562,0.14,0.86,0,0,0,0,0,0
2,6.52402399259794,0.21,0.79,0,0,0,0,0,0
2,6.59691811542026,0.16,0.84,0,0,0,0,0,0
2,6.66981223824259,0.21,0.79,0,0,0,0,0,0
2,6.74270636106491,0.2,0.8,0,0,0,0,0,0
2,6.81560048388723,0.23,0.77,0,0,0,0,0,0
2,6.88849460670956,0.29,0.71,0,0,0,0,0,0
2,6.96138872953188,0.17,0.83,0,0,0,0,0,0
2,7.0342828523542,0.2,0.8,0,0,0,0,0,0
2,7.10717697517653,0.11,0.89,0,0,0,0,0,0
2,7.18007109799885,0.21,0.79,0,0,0,0,0,0
2,7.25296522082118,0.26,0.74,0,0,0,0,0,0
2,7.3258593436435,0.19,0.81,0,0,0,0,0,0
2,7.39875346646582,0.14,0.86,0,0,0,0,0,0
2,7.47164758928815,0.26,0.74,0,0,0,0,0,0
2,7.54454171211047,0.19,0.81,0,0,0,0,0,0
2,7.61743583493279,0.21,0.79,0,0,0,0,0,0
2,7.69032995775512,0.13,0.87,0,0,0,0,0,0
2,7.76322408057744,0.15,0.85,0,0,0,0,0,0
2,7.83611820339976,0.16,0.84,0,0,0,0,0,0
2,7.90901232622209,0.19,0.81,0,0,0,0,0,0
2,7.98190644904441,0.18,0.82,0,0,0,0,0,0
2,8.05480057186673,0.13,0.87,0,0,0,0,0,0
2,8.12769469468905,0.15,0.85,0,0,0,0,0,0
2,8.20058881751138,0.14,0.86,0,0,0,0,0,0
2,8.2734829403337,0.09,0.91,0,0,0,0,0,0
2,8.34637706315603,0.16,0.84,0,0,0,0,0,0
2,8.41927118597835,0.2,0.8,0,0,0,0,0,0
2,8.49216530880067,0.14,0.86,0,0,0,0,0,0
2,8.565059431623,0.19,0.81,0,0,0,0,0,0
2,8.63795355444532,0.23,0.77,0,0,0,0,0,0
2,8.71084767726764,0.18,0.82,0,0,0,0,0,0
2,8.78374180008997,0.19,0.81,0,0,0,0,0,0
2,8.85663592291229,0.25,0.75,0,0,0,0,0,0
2,8.92953004573461,0.22,0.78,0,0,0,0,0,0
2,9.00242416855694,0.2,0.8,0,0,0,0,0,0
2,9.07531829137926,0.17,0.83,0,0,0,0,0,0
2,9.14821241420158,0.14,0.86,0,0,0,0,0,0
2,9.22110653702391,0.14,0.86,0,0,0,0,0,0
2,9.29400065984623,0.27,0.73,0,0,0,0,0,0
2,9.36689478266855,0.16,0.84,0,0,0,0,0,0
2,9.43978890549088,0.17,0.83,0,0,0,0,0,0
2,9.5126830283132,0.26,0.74,0,0,0,0,0,0
2,9.58557715113552,0.17,0.83,0,0,0,0,0,0
2,9.65847127395785,0.15,0.85,0,0,0,0,0,0
2,9.73136539678017,0.17,0.83,0,0,0,0,0,0
2,9.80425951960249,0.18,0.82,0,0,0,0,0,0
2,9.87715364242482,0.14,0.86,0,0,0,0,0,0
2,9.95004776524714,0.19,0.81,0,0,0,0,0,0
2,10.0229418880695,0.19,0.81,0,0,0,0,0,0
2,10.0958360108918,0.21,0.79,0,0,0,0,0,0
2,10.1687301337141,0.25,0.75,0,0,0,0,0,0
2,10.2416242565364,0.21,0.79,0,0,0,0,0,0
2,10.3145183793588,0.21,0.79,0,0,0,0,0,0
2,10.3874125021811,0.15,0.85,0,0,0,0,0,0
2,10.4603066250034,0.11,0.89,0,0,0,0,0,0
2,10.5332007478257,0.27,0.73,0,0,0,0,0,0
2,10.606094870648,0.28,0.72,0,0,0,0,0,0
2,10.6789889934704,0.21,0.79,0,0,0,0,0,0
2,10.7518831162927,0.18,0.82,0,0,0,0,0,0
2,10.824777239115,0.2,0.8,0,0,0,0,0,0
2,10.8976713619373,0.18,0.82,0,0,0,0,0,0
2,10.9705654847597,0.22,0.78,0,0,0,0,0,0
2,11.043459607582,0.13,0.87,0,0,0,0,0,0
2,11.1163537304043,0.19,0.81,0,0,0,0,0,0
2,11.1892478532266,0.2,0.8,0,0,0,0,0,0
2,11.262141976049,0.18,0.82,0,0,0,0,0,0
2,11.3350360988713,0.21,0.79,0,0,0,0,0,0
2,11.4079302216936,0.16,0.84,0,0,0,0,0,0
2,11.4808243445159,0.17,0.83,0,0,0,0,0,0
2,11.5537184673383,0.09,0.91,0,0,0,0,0,0
2,11.6266125901606,0.24,0.76,0,0,0,0,0,0
2,11.6995067129829,0.19,0.81,0,0,0,0,0,0
2,11.7724008358052,0.19,0.81,0,0,0,0,0,0
2,11.8452949586275,0.21,0.79,0,0,0,0,0,0
2,11.9181890814499,0.15,0.85,0,0,0,0,0,0
2,11.9910832042722,0.15,0.85,0,0,0,0,0,0
2,12.0639773270945,0.14,0.86,0,0,0,0,0,0
2,12.1368714499168,0.14,0.86,0,0,0,0,0,0
2,12.2097655727392,0.18,0.82,0,0,0,0,0,0
2,12.2826596955615,0.17,0.83,0,0,0,0,0,0
2,12.3555538183838,0.23,0.77,0,0,0,0,0,0
2,12.4284479412061,0.16,0.84,0,0,0,0,0,0
2,12.5013420640285,0.18,0.82,0,0,0,0,0,0
2,12.5742361868508,0.15,0.85,0,0,0,0,0,0
2,12.6471303096731,0.19,0.81,0,0,0,0,0,0
2,12.7200244324954,0.22,0.78,0,0,0,0,0,0
2,12.7929185553178,0.16,0.84,0,0,0,0,0,0
2,12.8658126781401,0.14,0.86,0,0,0,0,0,0
2,12.9387068009624,0.23,0.77,0,0,0,0,0,0
2,13.0116009237847,0.18,0.82,0,0,0,0,0,0
2,13.084495046607,0.24,0.76,0,0,0,0,0,0
2,13.1573891694294,0.15,0.85,0,0,0,0,0,0
2,13.2302832922517,0.11,0.89,0,0,0,0,0,0
2,13.303177415074,0.17,0.83,0,0,0,0,0,0
2,13.3760715378963,0.2,0.8,0,0,0,0,0,0
2,13.4489656607187,0.21,0.79,0,0,0,0,0,0
2,13.521859783541,0.11,0.89,0,0,0,0,0,0
2,13.5947539063633,0.17,0.83,0,0,0,0,0,0
2,13.6676480291856,0.15,0.85,0,0,0,0,0,0
2,13.740542152008,0.16,0.84,0,0,0,0,0,0
2,13.8134362748303,0.12,0.88,0,0,0,0,0,0
2,13.8863303976526,0.18,0.82,0,0,0,0,0,0
2,13.9592245204749,0.17,0.83,0,0,0,0,0,0
2,14.0321186432972,0.22,0.78,0,0,0,0,0,0
2,14.1050127661196,0.17,0.83,0,0,0,0,0,0
2,14.1779068889419,0.18,0.82,0,0,0,0,0,0
2,14.2508010117642,0.1,0.9,0,0,0,0,0,0
2,14.3236951345865,0.15,0.85,0,0,0,0,0,0
2,14.3965892574089,0.2,0.8,0,0,0,0,0,0
2,14.4694833802312,0.11,0.89,0,0,0,0,0,0
2,14.5423775030535,0.24,0.76,0,0,0,0,0,0
2,14.6152716258758,0.14,0.86,0,0,0,0,0,0
2,14.6881657486982,0.19,0.81,0,0,0,0,0,0
2,14.7610598715205,0.22,0.78,0,0,0,0,0,0
2,14.8339539943428,0.28,0.72,0,0,0,0,0,0
2,14.9068481171651,0.14,0.86,0,0,0,0,0,0
2,14.9797422399875,0.13,0.87,0,0,0,0,0,0
2,15.0526363628098,0.18,0.82,0,0,0,0,0,0
2,15.1255304856321,0.22,0.78,0,0,0,0,0,0
2,15.1984246084544,0.13,0.87,0,0,0,0,0,0
2,15.2713187312767,0.17,0.83,0,0,0,0,0,0
2,15.3442128540991,0.21,0.79,0,0,0,0,0,0
2,15.4171069769214,0.13,0.87,0,0,0,0,0,0
2,15.4900010997437,0.16,0.84,0,0,0,0,0,0
2,15.562895222566,0.14,0.86,0,0,0,0,0,0
2,15.6357893453884,0.22,0.78,0,0,0,0,0,0
2,15.7086834682107,0.15,0.85,0,0,0,0,0,0
2,15.781577591033,0.19,0.81,0,0,0,0,0,0
2,15.8544717138553,0.12,0.88,0,0,0,0,0,0
2,15.9273658366777,0.14,0.86,0,0,0,0,0,0
2,16.0002599595,0.17,0.83,0,0,0,0,0,0
2,16.0731540823223,0.14,0.86,0,0,0,0,0,0
2,16.1460482051446,0.19,0.81,0,0,0,0,0,0
2,16.218942327967,0.16,0.84,0,0,0,0,0,0
2,16.2918364507893,0.19,0.81,0,0,0,0,0,0
2,16.3647305736116,0.13,0.87,0,0,0,0,0,0
2,16.4376246964339,0.18,0.82,0,0,0,0,0,0
2,16.5105188192562,0.18,0.82,0,0,0,0,0,0
2,16.5834129420786,0.19,0.81,0,0,0,0,0,0
2,16.6563070649009,0.17,0.83,0,0,0,0,0,0
2,16.7292011877232,0.17,0.83,0,0,0,0,0,0
2,16.8020953105455,0.15,0.85,0,0,0,0,0,0
2,16.8749894333679,0.21,0.79,0,0,0,0,0,0
2,16.9478835561902,0.16,0.84,0,0,0,0,0,0
2,17.0207776790125,0.19,0.81,0,0,0,0,0,0
2,17.0936718018348,0.21,0.79,0,0,0,0,0,0
2,17.1665659246572,0.13,0.87,0,0,0,0,0,0
2,17.2394600474795,0.18,0.82,0,0,0,0,0,0
2,17.3123541703018,0.19,0.81,0,0,0,0,0,0
2,17.3852482931241,0.22,0.78,0,0,0,0,0,0
2,17.4581424159464,0.1,0.9,0,0,0,0,0,0
2,17.5310365387688,0.17,0.83,0,0,0,0,0,0
2,17.6039306615911,0.2,0.8,0,0,0,0,0,0
2,17.6768247844134,0.18,0.82,0,0,0,0,0,0
2,17.7497189072357,0.09,0.91,0,0,0,0,0,0
2,17.8226130300581,0.14,0.86,0,0,0,0,0,0
2,17.8955071528804,0.1,0.9,0,0,0,0,0,0
2,17.9684012757027,0.16,0.84,0,0,0,0,0,0
2,18.041295398525,0.21,0.79,0,0,0,0,0,0
2,18.1141895213474,0.21,0.79,0,0,0,0,0,0
2,18.1870836441697,0.21,0.79,0,0,0,0,0,0
2,18.259977766992,0.16,0.84,0,0,0,0,0,0
2,18.3328718898143,0.21,0.79,0,0,0,0,0,0
2,18.4057660126366,0.14,0.86,0,0,0,0,0,0
2,18.478660135459,0.17,0.83,0,0,0,0,0,0
2,18.5515542582813,0.27,0.73,0,0,0,0,0,0
2,18.6244483811036,0.12,0.88,0,0,0,0,0,0
2,18.6973425039259,0.18,0.82,0,0,0,0,0,0
2,18.7702366267483,0.15,0.85,0,0,0,0,0,0
2,18.8431307495706,0.21,0.79,0,0,0,0,0,0
2,18.9160248723929,0.13,0.87,0,0,0,0,0,0
2,18.9889189952152,0.15,0.85,0,0,0,0,0,0
2,19.0618131180376,0.14,0.86,0,0,0,0,0,0
2,19.1347072408599,0.14,0.86,0,0,0,0,0,0
2,19.2076013636822,0.26,0.74,0,0,0,0,0,0
2,19.2804954865045,0.16,0.84,0,0,0,0,0,0
2,19.3533896093269,0.3,0.7,0,0,0,0,0,0
2,19.4262837321492,0.12,0.88,0,0,0,0,0,0
2,19.4991778549715,0.15,0.85,0,0,0,0,0,0
2,19.5720719777938,0.19,0.81,0,0,0,0,0,0
2,19.6449661006161,0.13,0.87,0,0,0,0,0,0
2,19.7178602234385,0.18,0.82,0,0,0,0,0,0
2,19.7907543462608,0.14,0.86,0,0,0,0,0,0
2,19.8636484690831,0.22,0.78,0,0,0,0,0,0
2,19.9365425919054,0.18,0.82,0,0,0,0,0,0
2,20.0094367147278,0.14,0.86,0,0,0,0,0,0
2,20.0823308375501,0.15,0.85,0,0,0,0,0,0
2,20.1552249603724,0.26,0.74,0,0,0,0,0,0
2,20.2281190831947,0.23,0.77,0,0,0,0,0,0
2,20.3010132060171,0.15,0.85,0,0,0,0,0,0
2,20.3739073288394,0.15,0.85,0,0,0,0,0,0
2,20.4468014516617,0.2,0.8,0,0,0,0,0,0
2,20.519695574484,0.14,0.86,0,0,0,0,0,0
2,20.5925896973064,0.16,0.84,0,0,0,0,0,0
2,20.6654838201287,0.13,0.87,0,0,0,0,0,0
2,20.738377942951,0.2,0.8,0,0,0,0,0,0
2,20.8112720657733,0.16,0.84,0,0,0,0,0,0
2,20.8841661885956,0.17,0.83,0,0,0,0,0,0
2,20.957060311418,0.12,0.88,0,0,0,0,0,0
2,21.0299544342403,0.14,0.86,0,0,0,0,0,0
2,21.1028485570626,0.2,0.8,0,0,0,0,0,0
2,21.1757426798849,0.21,0.79,0,0,0,0,0,0
2,21.2486368027073,0.18,0.82,0,0,0,0,0,0
2,21.3215309255296,0.22,0.78,0,0,0,0,0,0
2,21.3944250483519,0.18,0.82,0,0,0,0,0,0
2,21.4673191711742,0.17,0.83,0,0,0,0,0,0
2,21.5402132939966,0.19,0.81,0,0,0,0,0,0
2,21.6131074168189,0.23,0.77,0,0,0,0,0,0
2,21.6860015396412,0.18,0.82,0,0,0,0,0,0
2,21.7588956624635,0.17,0.83,0,0,0,0,0,0
2,21.8317897852858,0.21,0.79,0,0,0,0,0,0
3,0.0364470614111617,1,0,0,0,0,0,0,0
3,0.109341184233485,1,0,0,0,0,0,0,0
3,0.182235307055808,0.87,0.13,0,0,0,0,0,0
3,0.255129429878132,0.78,0.22,0,0,0,0,0,0
3,0.328023552700455,0.6,0.39,0.01,0,0,0,0,0
3,0.400917675522779,0.54,0.44,0.02,0,0,0,0,0
3,0.473811798345102,0.47,0.42,0.11,0,0,0,0,0
3,0.546705921167425,0.41,0.54,0.05,0,0,0,0,0
3,0.619600043989749,0.42,0.54,0.04,0,0,0,0,0
3,0.692494166812072,0.26,0.62,0.12,0,0,0,0,0
3,0.765388289634395,0.32,0.54,0.14,0,0,0,0,0
3,0.838282412456719,0.22,0.56,0.22,0,0,0,0,0
3,0.911176535279042,0.2,0.58,0.22,0,0,0,0,0
3,0.984070658101366,0.24,0.63,0.13,0,0,0,0,0
3,1.05696478092369,0.2,0.59,0.21,0,0,0,0,0
3,1.12985890374601,0.27,0.51,0.22,0,0,0,0,0
3,1.20275302656834,0.15,0.53,0.32,0,0,0,0,0
3,1.27564714939066,0.19,0.5,0.31,0,0,0,0,0
3,1.34854127221298,0.12,0.55,0.33,0,0,0,0,0
3,1.42143539503531,0.2,0.61,0.19,0,0,0,0,0
3,1.49432951785763,0.13,0.54,0.33,0,0,0,0,0
3,1.56722364067995,0.17,0.47,0.36,0,0,0,0,0
3,1.64011776350228,0.11,0.58,0.31,0,0,0,0,0
3,1.7130118863246,0.16,0.49,0.35,0,0,0,0,0
3,1.78590600914692,0.08,0.51,0.41,0,0,0,0,0
3,1.85880013196925,0.12,0.57,0.31,0,0,0,0,0
3,1.93169425479157,0.1,0.51,0.39,0,0,0,0,0
3,2.00458837761389,0.15,0.54,0.31,0,0,0,0,0
3,2.07748250043622,0.1,0.54,0.36,0,0,0,0,0
3,2.15037662325854,0.12,0.49,0.39,0,0,0,0,0
3,2.22327074608086,0.09,0.61,0.3,0,0,0,0,0
3,2.29616486890319,0.06,0.47,0.47,0,0,0,0,0
3,2.36905899172551,0.09,0.5,0.41,0,0,0,0,0
3,2.44195311454783,0.06,0.54,0.4,0,0,0,0,0
3,2.51484723737016,0.08,0.5,0.42,0,0,0,0,0
3,2.58774136019248,0.11,0.47,0.42,0,0,0,0,0
3,2.6606354830148,0.1,0.44,0.46,0,0,0,0,0
3,2.73352960583713,0.14,0.42,0.44,0,0,0,0,0
3,2.80642372865945,0.08,0.45,0.47,0,0,0,0,0
3,2.87931785148177,0.08,0.51,0.41,0,0,0,0,0
3,2.9522119743041,0.08,0.48,0.44,0,0,0,0,0
3,3.02510609712642,0.1,0.42,0.48,0,0,0,0,0
3,3.09800021994874,0.08,0.43,0.49,0,0,0,0,0
3,3.17089434277107,0.07,0.46,0.47,0,0,0,0,0
3,3.24378846559339,0.06,0.46,0.48,0,0,0,0,0
3,3.31668258841571,0.09,0.47,0.44,0,0,0,0,0
3,3.38957671123804,0.05,0.55,0.4,0,0,0,0,0
3,3.46247083406036,0.01,0.49,0.5,0,0,0,0,0
3,3.53536495688268,0.09,0.42,0.49,0,0,0,0,0
3,3.60825907970501,0.03,0.57,0.4,0,0,0,0,0
3,3.68115320252733,0.07,0.44,0.49,0,0,0,0,0
3,3.75404732534965,0.04,0.51,0.45,0,0,0,0,0
3,3.82694144817198,0.06,0.48,0.46,0,0,0,0,0
3,3.8998355709943,0.1,0.49,0.41,0,0,0,0,0
3,3.97272969381662,0.08,0.43,0.49,0,0,0,0,0
3,4.04562381663895,0.06,0.46,0.48,0,0,0,0,0
3,4.11851793946127,0.09,0.4,0.51,0,0,0,0,0
3,4.19141206228359,0.04,0.51,0.45,0,0,0,0,0
3,4.26430618510592,0.05,0.5,0.45,0,0,0,0,0
3,4.33720030792824,0.08,0.44,0.48,0,0,0,0,0
3,4.41009443075056,0.07,0.4,0.53,0,0,0,0,0
3,4.48298855357289,0.06,0.43,0.51,0,0,0,0,0
3,4.55588267639521,0.06,0.44,0.5,0,0,0,0,0
3,4.62877679921753,0.04,0.5,0.46,0,0,0,0,0
3,4.70167092203986,0.05,0.58,0.37,0,0,0,0,0
3,4.77456504486218,0.03,0.36,0.61,0,0,0,0,0
3,4.8474591676845,0.05,0.51,0.44,0,0,0,0,0
3,4.92035329050683,0.06,0.45,0.49,0,0,0,0,0
3,4.99324741332915,0.06,0.44,0.5,0,0,0,0,0
3,5.06614153615147,0.09,0.39,0.52,0,0,0,0,0
3,5.1390356589738,0.05,0.5,0.45,0,0,0,0,0
3,5.21192978179612,0.04,0.5,0.46,0,0,0,0,0
3,5.28482390461844,0.03,0.43,0.54,0,0,0,0,0
3,5.35771802744077,0.07,0.45,0.48,0,0,0,0,0
3,5.43061215026309,0.08,0.4,0.52,0,0,0,0,0
3,5.50350627308541,0.1,0.38,0.52,0,0,0,0,0
3,5.57640039590774,0.08,0.39,0.53,0,0,0,0,0
3,5.64929451873006,0.04,0.45,0.51,0,0,0,0,0
3,5.72218864155238,0.04,0.49,0.47,0,0,0,0,0
3,5.79508276437471,0.05,0.42,0.53,0,0,0,0,0
3,5.86797688719703,0.04,0.42,0.54,0,0,0,0,0
3,5.94087101001935,0.05,0.53,0.42,0,0,0,0,0
3,6.01376513284168,0.04,0.45,0.51,0,0,0,0,0
3,6.086659255664,0.08,0.42,0.5,0,0,0,0,0
3,6.15955337848632,0.03,0.47,0.5,0,0,0,0,0
3,6.23244750130865,0.04,0.5,0.46,0,0,0,0,0
3,6.30534162413097,0.05,0.51,0.44,0,0,0,0,0
3,6.37823574695329,0.06,0.43,0.51,0,0,0,0,0
3,6.45112986977562,0.04,0.49,0.47,0,0,0,0,0
3,6.52402399259794,0,0.48,0.52,0,0,0,0,0
3,6.59691811542026,0.03,0.48,0.49,0,0,0,0,0
3,6.66981223824259,0,0.49,0.51,0,0,0,0,0
3,6.74270636106491,0.06,0.48,0.46,0,0,0,0,0
3,6.81560048388723,0.05,0.47,0.48,0,0,0,0,0
3,6.88849460670956,0.04,0.5,0.46,0,0,0,0,0
3,6.96138872953188,0.07,0.38,0.55,0,0,0,0,0
3,7.0342828523542,0.04,0.5,0.46,0,0,0,0,0
3,7.10717697517653,0.04,0.44,0.52,0,0,0,0,0
3,7.18007109799885,0.04,0.43,0.53,0,0,0,0,0
3,7.25296522082118,0.03,0.47,0.5,0,0,0,0,0
3,7.3258593436435,0.04,0.36,0.6,0,0,0,0,0
3,7.39875346646582,0.04,0.52,0.44,0,0,0,0,0
3,7.47164758928815,0.05,0.43,0.52,0,0,0,0,0
3,7.54454171211047,0.05,0.42,0.53,0,0,0,0,0
3,7.61743583493279,0.06,0.39,0.55,0,0,0,0,0
3,7.69032995775512,0.02,0.48,0.5,0,0,0,0,0
3,7.76322408057744,0.04,0.41,0.55,0,0,0,0,0
3,7.83611820339976,0.07,0.42,0.51,0,0,0,0,0
3,7.90901232622209,0.01,0.49,0.5,0,0,0,0,0
3,7.98190644904441,0.03,0.44,0.53,0,0,0,0,0
3,8.05480057186673,0.04,0.44,0.52,0,0,0,0,0
3,8.12769469468905,0.02,0.42,0.56,0,0,0,0,0
3,8.20058881751138,0.04,0.45,0.51,0,0,0,0,0
3,8.2734829403337,0.04,0.44,0.52,0,0,0,0,0
3,8.34637706315603,0.05,0.43,0.52,0,0,0,0,0
3,8.41927118597835,0.04,0.45,0.51,0,0,0,0,0
3,8.49216530880067,0.08,0.45,0.47,0,0,0,0,0
3,8.565059431623,0.04,0.4,0.56,0,0,0,0,0
3,8.63795355444532,0.05,0.41,0.54,0,0,0,0,0
3,8.71084767726764,0.05,0.43,0.52,0,0,0,0,0
3,8.78374180008997,0.02,0.44,0.54,0,0,0,0,0
3,8.85663592291229,0.06,0.41,0.53,0,0,0,0,0
3,8.92953004573461,0.03,0.44,0.53,0,0,0,0,0
3,9.00242416855694,0.02,0.47,0.51,0,0,0,0,0
3,9.07531829137926,0.03,0.39,0.58,0,0,0,0,0
3,9.14821241420158,0.02,0.47,0.51,0,0,0,0,0
3,9.22110653702391,0.05,0.39,0.56,0,0,0,0,0
3,9.29400065984623,0.05,0.43,0.52,0,0,0,0,0
3,9.36689478266855,0.06,0.42,0.52,0,0,0,0,0
3,9.43978890549088,0.03,0.5,0.47,0,0,0,0,0
3,9.5126830283132,0.06,0.43,0.51,0,0,0,0,0
3,9.58557715113552,0.01,0.54,0.45,0,0,0,0,0
3,9.65847127395785,0.07,0.37,0.56,0,0,0,0,0
3,9.73136539678017,0.03,0.48,0.49,0,0,0,0,0
3,9.80425951960249,0.03,0.42,0.55,0,0,0,0,0
3,9.87715364242482,0.03,0.37,0.6,0,0,0,0,0
3,9.95004776524714,0.04,0.46,0.5,0,0,0,0,0
3,10.0229418880695,0.05,0.4,0.55,0,0,0,0,0
3,10.0958360108918,0.07,0.42,0.51,0,0,0,0,0
3,10.1687301337141,0.08,0.42,0.5,0,0,0,0,0
3,10.2416242565364,0.02,0.4,0.58,0,0,0,0,0
3,10.3145183793588,0.06,0.36,0.58,0,0,0,0,0
3,10.3874125021811,0.07,0.45,0.48,0,0,0,0,0
3,10.4603066250034,0.05,0.47,0.48,0,0,0,0,0
3,10.5332007478257,0.02,0.4,0.58,0,0,0,0,0
3,10.606094870648,0.03,0.39,0.58,0,0,0,0,0
3,10.6789889934704,0.06,0.44,0.5,0,0,0,0,0
3,10.7518831162927,0.04,0.41,0.55,0,0,0,0,0
3,10.824777239115,0.03,0.4,0.57,0,0,0,0,0
3,10.8976713619373,0.02,0.44,0.54,0,0,0,0,0
3,10.9705654847597,0.05,0.5,0.45,0,0,0,0,0
3,11.043459607582,0.04,0.35,0.61,0,0,0,0,0
3,11.1163537304043,0.04,0.44,0.52,0,0,0,0,0
3,11.1892478532266,0.1,0.37,0.53,0,0,0,0,0
3,11.262141976049,0.01,0.46,0.53,0,0,0,0,0
3,11.3350360988713,0.06,0.47,0.47,0,0,0,0,0
3,11.4079302216936,0.06,0.46,0.48,0,0,0,0,0
3,11.4808243445159,0.03,0.38,0.59,0,0,0,0,0
3,11.5537184673383,0.03,0.37,0.6,0,0,0,0,0
3,11.6266125901606,0.06,0.47,0.47,0,0,0,0,0
3,11.6995067129829,0.03,0.51,0.46,0,0,0,0,0
3,11.7724008358052,0.09,0.33,0.58,0,0,0,0,0
3,11.8452949586275,0.01,0.47,0.52,0,0,0,0,0
3,11.9181890814499,0.07,0.48,0.45,0,0,0,0,0
3,11.9910832042722,0.08,0.39,0.53,0,0,0,0,0
3,12.0639773270945,0.05,0.38,0.57,0,0,0,0,0
3,12.1368714499168,0.06,0.39,0.55,0,0,0,0,0
3,12.2097655727392,0.02,0.5,0.48,0,0,0,0,0
3,12.2826596955615,0.09,0.42,0.49,0,0,0,0,0
3,12.3555538183838,0.04,0.47,0.49,0,0,0,0,0
3,12.4284479412061,0.01,0.39,0.6,0,0,0,0,0
3,12.5013420640285,0.04,0.51,0.45,0,0,0,0,0
3,12.5742361868508,0.05,0.45,0.5,0,0,0,0,0
3,12.6471303096731,0.04,0.37,0.59,0,0,0,0,0
3,12.7200244324954,0.04,0.47,0.49,0,0,0,0,0
3,12.7929185553178,0.01,0.53,0.46,0,0,0,0,0
3,12.8658126781401,0.04,0.44,0.52,0,0,0,0,0
3,12.9387068009624,0.01,0.37,0.62,0,0,0,0,0
3,13.0116009237847,0.05,0.37,0.58,0,0,0,0,0
3,13.084495046607,0.03,0.38,0.59,0,0,0,0,0
3,13.1573891694294,0.02,0.47,0.51,0,0,0,0,0
3,13.2302832922517,0.05,0.5,0.45,0,0,0,0,0
3,13.303177415074,0.03,0.41,0.56,0,0,0,0,0
3,13.3760715378963,0.02,0.43,0.55,0,0,0,0,0
3,13.4489656607187,0.09,0.35,0.56,0,0,0,0,0
3,13.521859783541,0.03,0.41,0.56,0,0,0,0,0
3,13.5947539063633,0.06,0.42,0.52,0,0,0,0,0
3,13.6676480291856,0.04,0.44,0.52,0,0,0,0,0
3,13.740542152008,0.04,0.43,0.53,0,0,0,0,0
3,13.8134362748303,0.02,0.38,0.6,0,0,0,0,0
3,13.8863303976526,0.03,0.37,0.6,0,0,0,0,0
3,13.9592245204749,0.04,0.47,0.49,0,0,0,0,0
3,14.0321186432972,0.05,0.43,0.52,0,0,0,0,0
3,14.1050127661196,0.04,0.35,0.61,0,0,0,0,0
3,14.1779068889419,0.07,0.37,0.56,0,0,0,0,0
3,14.2508010117642,0.02,0.38,0.6,0,0,0,0,0
3,14.3236951345865,0.03,0.34,0.63,0,0,0,0,0
3,14.3965892574089,0.01,0.4,0.59,0,0,0,0,0
3,14.4694833802312,0.02,0.38,0.6,0,0,0,0,0
3,14.5423775030535,0.02,0.42,0.56,0,0,0,0,0
3,14.6152716258758,0.03,0.45,0.52,0,0,0,0,0
3,14.6881657486982,0.07,0.4,0.53,0,0,0,0,0
3,14.7610598715205,0.05,0.5,0.45,0,0,0,0,0
3,14.8339539943428,0.03,0.35,0.62,0,0,0,0,0
3,14.9068481171651,0,0.42,0.58,0,0,0,0,0
3,14.9797422399875,0.01,0.38,0.61,0,0,0,0,0
3,15.0526363628098,0.02,0.47,0.51,0,0,0,0,0
3,15.1255304856321,0.08,0.36,0.56,0,0,0,0,0
3,15.1984246084544,0.03,0.4,0.57,0,0,0,0,0
3,15.2713187312767,0.05,0.48,0.47,0,0,0,0,0
3,15.3442128540991,0.05,0.4,0.55,0,0,0,0,0
3,15.4171069769214,0.07,0.38,0.55,0,0,0,0,0
3,15.4900010997437,0.02,0.38,0.6,0,0,0,0,0
3,15.562895222566,0.04,0.44,0.52,0,0,0,0,0
3,15.6357893453884,0.03,0.46,0.51,0,0,0,0,0
3,15.7086834682107,0.04,0.39,0.57,0,0,0,0,0
3,15.781577591033,0.06,0.4,0.54,0,0,0,0,0
3,15.8544717138553,0.03,0.36,0.61,0,0,0,0,0
3,15.9273658366777,0.02,0.52,0.46,0,0,0,0,0
3,16.0002599595,0.02,0.46,0.52,0,0,0,0,0
3,16.0731540823223,0.05,0.36,0.59,0,0,0,0,0
3,16.1460482051446,0.02,0.39,0.59,0,0,0,0,0
3,16.218942327967,0.04,0.43,0.53,0,0,0,0,0
3,16.2918364507893,0.04,0.33,0.63,0,0,0,0,0
3,16.3647305736116,0.04,0.41,0.55,0,0,0,0,0
3,16.4376246964339,0.04,0.5,0.46,0,0,0,0,0
3,16.5105188192562,0.08,0.4,0.52,0,0,0,0,0
3,16.5834129420786,0.05,0.45,0.5,0,0,0,0,0
3,16.6563070649009,0.04,0.42,0.54,0,0,0,0,0
3,16.7292011877232,0.06,0.38,0.56,0,0,0,0,0
3,16.8020953105455,0.03,0.38,0.59,0,0,0,0,0
3,16.8749894333679,0.04,0.48,0.48,0,0,0,0,0
3,16.9478835561902,0.02,0.45,0.53,0,0,0,0,0
3,17.0207776790125,0.03,0.38,0.59,0,0,0,0,0
3,17.0936718018348,0.01,0.42,0.57,0,0,0,0,0
3,17.1665659246572,0.04,0.39,0.57,0,0,0,0,0
3,17.2394600474795,0.04,0.42,0.54,0,0,0,0,0
3,17.3123541703018,0.03,0.47,0.5,0,0,0,0,0
3,17.3852482931241,0.03,0.38,0.59,0,0,0,0,0
3,17.4581424159464,0.08,0.4,0.52,0,0,0,0,0
3,17.5310365387688,0.03,0.41,0.56,0,0,0,0,0
3,17.6039306615911,0.03,0.43,0.54,0,0,0,0,0
3,17.6768247844134,0.03,0.54,0.43,0,0,0,0,0
3,17.7497189072357,0.03,0.41,0.56,0,0,0,0,0
3,17.8226130300581,0.04,0.38,0.58,0,0,0,0,0
3,17.8955071528804,0.04,0.43,0.53,0,0,0,0,0
3,17.9684012757027,0.05,0.35,0.6,0,0,0,0,0
3,18.041295398525,0.03,0.43,0.54,0,0,0,0,0
3,18.1141895213474,0.05,0.41,0.54,0,0,0,0,0
3,18.1870836441697,0.06,0.29,0.65,0,0,0,0,0
3,18.259977766992,0.04,0.3,0.66,0,0,0,0,0
3,18.3328718898143,0.03,0.39,0.58,0,0,0,0,0
3,18.4057660126366,0.05,0.35,0.6,0,0,0,0,0
3,18.478660135459,0.03,0.4,0.57,0,0,0,0,0
3,18.5515542582813,0.02,0.39,0.59,0,0,0,0,0
3,18.6244483811036,0.03,0.49,0.48,0,0,0,0,0
3,18.6973425039259,0.02,0.37,0.61,0,0,0,0,0
3,18.7702366267483,0,0.44,0.56,0,0,0,0,0
3,18.8431307495706,0.05,0.4,0.55,0,0,0,0,0
3,18.9160248723929,0.03,0.48,0.49,0,0,0,0,0
3,18.9889189952152,0.05,0.48,0.47,0,0,0,0,0
3,19.0618131180376,0.05,0.47,0.48,0,0,0,0,0
3,19.1347072408599,0.06,0.38,0.56,0,0,0,0,0
3,19.2076013636822,0.06,0.4,0.54,0,0,0,0,0
3,19.2804954865045,0.04,0.35,0.61,0,0,0,0,0
3,19.3533896093269,0.04,0.35,0.61,0,0,0,0,0
3,19.4262837321492,0.01,0.4,0.59,0,0,0,0,0
3,19.4991778549715,0.02,0.43,0.55,0,0,0,0,0
3,19.5720719777938,0.02,0.41,0.57,0,0,0,0,0
3,19.6449661006161,0.04,0.41,0.55,0,0,0,0,0
3,19.7178602234385,0.06,0.41,0.53,0,0,0,0,0
3,19.7907543462608,0.02,0.51,0.47,0,0,0,0,0
3,19.8636484690831,0.04,0.43,0.53,0,0,0,0,0
3,19.9365425919054,0.02,0.45,0.53,0,0,0,0,0
3,20.0094367147278,0.05,0.4,0.55,0,0,0,0,0
3,20.0823308375501,0,0.42,0.58,0,0,0,0,0
3,20.1552249603724,0.03,0.43,0.54,0,0,0,0,0
3,20.2281190831947,0.01,0.47,0.52,0,0,0,0,0
3,20.3010132060171,0.06,0.45,0.49,0,0,0,0,0
3,20.3739073288394,0.07,0.45,0.48,0,0,0,0,0
3,20.4468014516617,0,0.39,0.61,0,0,0,0,0
3,20.519695574484,0,0.4,0.6,0,0,0,0,0
3,20.5925896973064,0.03,0.49,0.48,0,0,0,0,0
3,20.6654838201287,0.05,0.44,0.51,0,0,0,0,0
3,20.738377942951,0.04,0.5,0.46,0,0,0,0,0
3,20.8112720657733,0.03,0.37,0.6,0,0,0,0,0
3,20.8841661885956,0,0.4,0.6,0,0,0,0,0
3,20.957060311418,0.03,0.37,0.6,0,0,0,0,0
3,21.0299544342403,0.03,0.48,0.49,0,0,0,0,0
3,21.1028485570626,0.04,0.53,0.43,0,0,0,0,0
3,21.1757426798849,0.06,0.45,0.49,0,0,0,0,0
3,21.2486368027073,0.07,0.45,0.48,0,0,0,0,0
3,21.3215309255296,0.04,0.41,0.55,0,0,0,0,0
3,21.3944250483519,0.03,0.43,0.54,0,0,0,0,0
3,21.4673191711742,0.05,0.39,0.56,0,0,0,0,0
3,21.5402132939966,0.04,0.47,0.49,0,0,0,0,0
3,21.6131074168189,0.07,0.42,0.51,0,0,0,0,0
3,21.6860015396412,0.06,0.32,0.62,0,0,0,0,0
3,21.7588956624635,0.04,0.36,0.6,0,0,0,0,0
3,21.8317897852858,0.01,0.47,0.52,0,0,0,0,0
4,0.0364470614111617,1,0,0,0,0,0,0,0
4,0.109341184233485,0.97,0.03,0,0,0,0,0,0
4,0.182235307055808,0.85,0.15,0,0,0,0,0,0
4,0.255129429878132,0.73,0.27,0,0,0,0,0,0
4,0.328023552700455,0.54,0.46,0,0,0,0,0,0
4,0.400917675522779,0.49,0.39,0.12,0,0,0,0,0
4,0.473811798345102,0.38,0.58,0.04,0,0,0,0,0
4,0.546705921167425,0.3,0.53,0.17,0,0,0,0,0
4,0.619600043989749,0.32,0.49,0.18,0.01,0,0,0,0
4,0.692494166812072,0.15,0.62,0.21,0.02,0,0,0,0
4,0.765388289634395,0.2,0.54,0.23,0.03,0,0,0,0
4,0.838282412456719,0.2,0.56,0.17,0.07,0,0,0,0
4,0.911176535279042,0.14,0.56,0.27,0.03,0,0,0,0
4,0.984070658101366,0.1,0.53,0.31,0.06,0,0,0,0
4,1.05696478092369,0.08,0.51,0.35,0.06,0,0,0,0
4,1.12985890374601,0.18,0.41,0.37,0.04,0,0,0,0
4,1.20275302656834,0.08,0.48,0.36,0.08,0,0,0,0
4,1.27564714939066,0.06,0.56,0.35,0.03,0,0,0,0
4,1.34854127221298,0.04,0.43,0.41,0.12,0,0,0,0
4,1.42143539503531,0.08,0.42,0.42,0.08,0,0,0,0
4,1.49432951785763,0.06,0.4,0.38,0.16,0,0,0,0
4,1.56722364067995,0.07,0.37,0.44,0.12,0,0,0,0
4,1.64011776350228,0.01,0.44,0.47,0.08,0,0,0,0
4,1.7130118863246,0.03,0.43,0.4,0.14,0,0,0,0
4,1.78590600914692,0.05,0.35,0.51,0.09,0,0,0,0
4,1.85880013196925,0.03,0.36,0.47,0.14,0,0,0,0
4,1.93169425479157,0.06,0.4,0.44,0.1,0,0,0,0
4,2.00458837761389,0.04,0.35,0.42,0.19,0,0,0,0
4,2.07748250043622,0.03,0.31,0.53,0.13,0,0,0,0
4,2.15037662325854,0.02,0.35,0.49,0.14,0,0,0,0
4,2.22327074608086,0.01,0.36,0.49,0.14,0,0,0,0
4,2.29616486890319,0.04,0.36,0.46,0.14,0,0,0,0
4,2.36905899172551,0.04,0.24,0.56,0.16,0,0,0,0
4,2.44195311454783,0.04,0.32,0.47,0.17,0,0,0,0
4,2.51484723737016,0.02,0.24,0.52,0.22,0,0,0,0
4,2.58774136019248,0.02,0.35,0.47,0.16,0,0,0,0
4,2.6606354830148,0.03,0.3,0.45,0.22,0,0,0,0
4,2.73352960583713,0.04,0.29,0.5,0.17,0,0,0,0
4,2.80642372865945,0,0.24,0.49,0.27,0,0,0,0
4,2.87931785148177,0.06,0.19,0.59,0.16,0,0,0,0
4,2.9522119743041,0.01,0.29,0.52,0.18,0,0,0,0
4,3.02510609712642,0.02,0.28,0.49,0.21,0,0,0,0
4,3.09800021994874,0.02,0.32,0.41,0.25,0,0,0,0
4,3.17089434277107,0.01,0.23,0.5,0.26,0,0,0,0
4,3.24378846559339,0,0.22,0.61,0.17,0,0,0,0
4,3.31668258841571,0.01,0.28,0.5,0.21,0,0,0,0
4,3.38957671123804,0.03,0.2,0.58,0.19,0,0,0,0
4,3.46247083406036,0.01,0.25,0.54,0.2,0,0,0,0
4,3.53536495688268,0.04,0.23,0.5,0.23,0,0,0,0
4,3.60825907970501,0,0.34,0.4,0.26,0,0,0,0
4,3.68115320252733,0.01,0.29,0.46,0.24,0,0,0,0
4,3.75404732534965,0,0.31,0.43,0.26,0,0,0,0
4,3.82694144817198,0.01,0.28,0.54,0.17,0,0,0,0
4,3.8998355709943,0.02,0.2,0.52,0.26,0,0,0,0
4,3.97272969381662,0.01,0.26,0.51,0.22,0,0,0,0
4,4.04562381663895,0.04,0.3,0.48,0.18,0,0,0,0
4,4.11851793946127,0.01,0.22,0.55,0.22,0,0,0,0
4,4.19141206228359,0.02,0.2,0.58,0.2,0,0,0,0
4,4.26430618510592,0,0.29,0.5,0.21,0,0,0,0
4,4.33720030792824,0.02,0.24,0.51,0.23,0,0,0,0
4,4.41009443075056,0,0.26,0.45,0.29,0,0,0,0
4,4.48298855357289,0.02,0.23,0.55,0.2,0,0,0,0
4,4.55588267639521,0.04,0.23,0.52,0.21,0,0,0,0
4,4.62877679921753,0.03,0.26,0.44,0.27,0,0,0,0
4,4.70167092203986,0.02,0.26,0.49,0.23,0,0,0,0
4,4.77456504486218,0,0.29,0.52,0.19,0,0,0,0
4,4.8474591676845,0.02,0.19,0.6,0.19,0,0,0,0
4,4.92035329050683,0.02,0.16,0.56,0.26,0,0,0,0
4,4.99324741332915,0.03,0.33,0.44,0.2,0,0,0,0
4,5.06614153615147,0.02,0.23,0.47,0.28,0,0,0,0
4,5.1390356589738,0,0.21,0.53,0.26,0,0,0,0
4,5.21192978179612,0.01,0.23,0.58,0.18,0,0,0,0
4,5.28482390461844,0,0.25,0.45,0.3,0,0,0,0
4,5.35771802744077,0.03,0.13,0.61,0.23,0,0,0,0
4,5.43061215026309,0,0.2,0.51,0.29,0,0,0,0
4,5.50350627308541,0,0.24,0.54,0.22,0,0,0,0
4,5.57640039590774,0.01,0.16,0.57,0.26,0,0,0,0
4,5.64929451873006,0.03,0.2,0.58,0.19,0,0,0,0
4,5.72218864155238,0.01,0.23,0.57,0.19,0,0,0,0
4,5.79508276437471,0,0.26,0.5,0.24,0,0,0,0
4,5.86797688719703,0.02,0.2,0.49,0.29,0,0,0,0
4,5.94087101001935,0.02,0.18,0.52,0.28,0,0,0,0
4,6.01376513284168,0.01,0.23,0.52,0.24,0,0,0,0
4,6.086659255664,0.01,0.26,0.49,0.24,0,0,0,0
4,6.15955337848632,0.02,0.16,0.51,0.31,0,0,0,0
4,6.23244750130865,0,0.2,0.52,0.28,0,0,0,0
4,6.30534162413097,0,0.23,0.54,0.23,0,0,0,0
4,6.37823574695329,0.02,0.21,0.55,0.22,0,0,0,0
4,6.45112986977562,0.01,0.22,0.51,0.26,0,0,0,0
4,6.52402399259794,0,0.26,0.52,0.22,0,0,0,0
4,6.59691811542026,0.02,0.19,0.52,0.27,0,0,0,0
4,6.66981223824259,0.02,0.15,0.55,0.28,0,0,0,0
4,6.74270636106491,0,0.24,0.43,0.33,0,0,0,0
4,6.81560048388723,0.01,0.17,0.45,0.37,0,0,0,0
4,6.88849460670956,0.02,0.23,0.56,0.19,0,0,0,0
4,6.96138872953188,0.01,0.21,0.53,0.25,0,0,0,0
4,7.0342828523542,0.03,0.16,0.56,0.25,0,0,0,0
4,7.10717697517653,0.02,0.17,0.56,0.25,0,0,0,0
4,7.18007109799885,0.01,0.2,0.53,0.26,0,0,0,0
4,7.25296522082118,0,0.2,0.49,0.31,0,0,0,0
4,7.3258593436435,0.01,0.15,0.57,0.27,0,0,0,0
4,7.39875346646582,0,0.16,0.54,0.3,0,0,0,0
4,7.47164758928815,0.04,0.17,0.56,0.23,0,0,0,0
4,7.54454171211047,0.02,0.33,0.46,0.19,0,0,0,0
4,7.61743583493279,0.03,0.16,0.57,0.24,0,0,0,0
4,7.69032995775512,0,0.14,0.54,0.32,0,0,0,0
4,7.76322408057744,0.01,0.21,0.57,0.21,0,0,0,0
4,7.83611820339976,0,0.24,0.47,0.29,0,0,0,0
4,7.90901232622209,0,0.18,0.55,0.27,0,0,0,0
4,7.98190644904441,0.02,0.17,0.51,0.3,0,0,0,0
4,8.05480057186673,0.02,0.27,0.45,0.26,0,0,0,0
4,8.12769469468905,0.01,0.18,0.55,0.26,0,0,0,0
4,8.20058881751138,0,0.2,0.58,0.22,0,0,0,0
4,8.2734829403337,0.03,0.2,0.5,0.27,0,0,0,0
4,8.34637706315603,0,0.22,0.49,0.29,0,0,0,0
4,8.41927118597835,0.02,0.19,0.5,0.29,0,0,0,0
4,8.49216530880067,0.01,0.23,0.55,0.21,0,0,0,0
4,8.565059431623,0,0.23,0.53,0.24,0,0,0,0
4,8.63795355444532,0,0.22,0.58,0.2,0,0,0,0
4,8.71084767726764,0,0.15,0.57,0.28,0,0,0,0
4,8.78374180008997,0.02,0.14,0.59,0.25,0,0,0,0
4,8.85663592291229,0.01,0.19,0.53,0.27,0,0,0,0
4,8.92953004573461,0.02,0.22,0.48,0.28,0,0,0,0
4,9.00242416855694,0,0.21,0.54,0.25,0,0,0,0
4,9.07531829137926,0.02,0.16,0.57,0.25,0,0,0,0
4,9.14821241420158,0.02,0.19,0.54,0.25,0,0,0,0
4,9.22110653702391,0.01,0.22,0.51,0.26,0,0,0,0
4,9.29400065984623,0,0.21,0.52,0.27,0,0,0,0
4,9.36689478266855,0.01,0.17,0.51,0.31,0,0,0,0
4,9.43978890549088,0,0.18,0.59,0.23,0,0,0,0
4,9.5126830283132,0.01,0.23,0.53,0.23,0,0,0,0
4,9.58557715113552,0.01,0.21,0.57,0.21,0,0,0,0
4,9.65847127395785,0,0.2,0.45,0.35,0,0,0,0
4,9.73136539678017,0.03,0.23,0.52,0.22,0,0,0,0
4,9.80425951960249,0.01,0.16,0.54,0.29,0,0,0,0
4,9.87715364242482,0.01,0.18,0.49,0.32,0,0,0,0
4,9.95004776524714,0.02,0.16,0.49,0.33,0,0,0,0
4,10.0229418880695,0.01,0.19,0.55,0.25,0,0,0,0
4,10.0958360108918,0,0.19,0.58,0.23,0,0,0,0
4,10.1687301337141,0.02,0.19,0.6,0.19,0,0,0,0
4,10.2416242565364,0,0.19,0.52,0.29,0,0,0,0
4,10.3145183793588,0.01,0.23,0.54,0.22,0,0,0,0
4,10.3874125021811,0,0.25,0.42,0.33,0,0,0,0
4,10.4603066250034,0,0.18,0.59,0.23,0,0,0,0
4,10.5332007478257,0,0.18,0.51,0.31,0,0,0,0
4,10.606094870648,0,0.17,0.53,0.3,0,0,0,0
4,10.6789889934704,0.01,0.22,0.53,0.24,0,0,0,0
4,10.7518831162927,0.01,0.15,0.61,0.23,0,0,0,0
4,10.824777239115,0.02,0.18,0.58,0.22,0,0,0,0
4,10.8976713619373,0.01,0.22,0.41,0.36,0,0,0,0
4,10.9705654847597,0.01,0.18,0.48,0.33,0,0,0,0
4,11.043459607582,0.03,0.17,0.55,0.25,0,0,0,0
4,11.1163537304043,0.02,0.16,0.53,0.29,0,0,0,0
4,11.1892478532266,0.04,0.14,0.52,0.3,0,0,0,0
4,11.262141976049,0,0.13,0.52,0.35,0,0,0,0
4,11.3350360988713,0.01,0.14,0.5,0.35,0,0,0,0
4,11.4079302216936,0.01,0.2,0.61,0.18,0,0,0,0
4,11.4808243445159,0.01,0.2,0.54,0.25,0,0,0,0
4,11.5537184673383,0.01,0.17,0.55,0.27,0,0,0,0
4,11.6266125901606,0.01,0.18,0.56,0.25,0,0,0,0
4,11.6995067129829,0,0.16,0.59,0.25,0,0,0,0
4,11.7724008358052,0,0.2,0.53,0.27,0,0,0,0
4,11.8452949586275,0,0.16,0.53,0.31,0,0,0,0
4,11.9181890814499,0.02,0.1,0.61,0.27,0,0,0,0
4,11.9910832042722,0,0.2,0.45,0.35,0,0,0,0
4,12.0639773270945,0,0.13,0.61,0.26,0,0,0,0
4,12.1368714499168,0.03,0.12,0.57,0.28,0,0,0,0
4,12.2097655727392,0.01,0.2,0.46,0.33,0,0,0,0
4,12.2826596955615,0.03,0.18,0.52,0.27,0,0,0,0
4,12.3555538183838,0.02,0.13,0.59,0.26,0,0,0,0
4,12.4284479412061,0.03,0.21,0.53,0.23,0,0,0,0
4,12.5013420640285,0,0.17,0.45,0.38,0,0,0,0
4,12.5742361868508,0,0.2,0.56,0.24,0,0,0,0
4,12.6471303096731,0.01,0.24,0.4,0.35,0,0,0,0
4,12.7200244324954,0,0.21,0.41,0.38,0,0,0,0
4,12.7929185553178,0.01,0.15,0.58,0.26,0,0,0,0
4,12.8658126781401,0.02,0.21,0.46,0.31,0,0,0,0
4,12.9387068009624,0.02,0.23,0.51,0.24,0,0,0,0
4,13.0116009237847,0.02,0.16,0.54,0.28,0,0,0,0
4,13.084495046607,0,0.24,0.49,0.27,0,0,0,0
4,13.1573891694294,0.02,0.13,0.58,0.27,0,0,0,0
4,13.2302832922517,0.02,0.16,0.56,0.26,0,0,0,0
4,13.303177415074,0.01,0.26,0.51,0.22,0,0,0,0
4,13.3760715378963,0.01,0.16,0.58,0.25,0,0,0,0
4,13.4489656607187,0,0.17,0.55,0.28,0,0,0,0
4,13.521859783541,0,0.24,0.48,0.28,0,0,0,0
4,13.5947539063633,0.02,0.23,0.47,0.28,0,0,0,0
4,13.6676480291856,0,0.19,0.45,0.36,0,0,0,0
4,13.740542152008,0.02,0.16,0.56,0.26,0,0,0,0
4,13.8134362748303,0.02,0.28,0.49,0.21,0,0,0,0
4,13.8863303976526,0,0.14,0.49,0.37,0,0,0,0
4,13.9592245204749,0,0.27,0.54,0.19,0,0,0,0
4,14.0321186432972,0.04,0.13,0.59,0.24,0,0,0,0
4,14.1050127661196,0,0.18,0.53,0.29,0,0,0,0
4,14.1779068889419,0.02,0.19,0.47,0.32,0,0,0,0
4,14.2508010117642,0.01,0.26,0.44,0.29,0,0,0,0
4,14.3236951345865,0.01,0.22,0.53,0.24,0,0,0,0
4,14.3965892574089,0.03,0.12,0.52,0.33,0,0,0,0
4,14.4694833802312,0.01,0.22,0.51,0.26,0,0,0,0
4,14.5423775030535,0.03,0.27,0.45,0.25,0,0,0,0
4,14.6152716258758,0.01,0.16,0.58,0.25,0,0,0,0
4,14.6881657486982,0,0.12,0.61,0.27,0,0,0,0
4,14.7610598715205,0.02,0.24,0.53,0.21,0,0,0,0
4,14.8339539943428,0.01,0.07,0.66,0.26,0,0,0,0
4,14.9068481171651,0.01,0.2,0.5,0.29,0,0,0,0
4,14.9797422399875,0.01,0.2,0.41,0.38,0,0,0,0
4,15.0526363628098,0.01,0.15,0.55,0.29,0,0,0,0
4,15.1255304856321,0.01,0.27,0.5,0.22,0,0,0,0
4,15.1984246084544,0,0.11,0.58,0.31,0,0,0,0
4,15.2713187312767,0.01,0.22,0.51,0.26,0,0,0,0
4,15.3442128540991,0,0.24,0.46,0.3,0,0,0,0
4,15.4171069769214,0,0.14,0.54,0.32,0,0,0,0
4,15.4900010997437,0,0.16,0.5,0.34,0,0,0,0
4,15.562895222566,0,0.12,0.6,0.28,0,0,0,0
4,15.6357893453884,0.01,0.24,0.48,0.27,0,0,0,0
4,15.7086834682107,0,0.23,0.48,0.29,0,0,0,0
4,15.781577591033,0.01,0.18,0.59,0.22,0,0,0,0
4,15.8544717138553,0.02,0.15,0.58,0.25,0,0,0,0
4,15.9273658366777,0.02,0.19,0.59,0.2,0,0,0,0
4,16.0002599595,0,0.23,0.47,0.3,0,0,0,0
4,16.0731540823223,0,0.17,0.52,0.31,0,0,0,0
4,16.1460482051446,0.01,0.27,0.48,0.24,0,0,0,0
4,16.218942327967,0.01,0.17,0.48,0.34,0,0,0,0
4,16.2918364507893,0.01,0.19,0.47,0.33,0,0,0,0
4,16.3647305736116,0,0.15,0.56,0.29,0,0,0,0
4,16.4376246964339,0.03,0.14,0.49,0.34,0,0,0,0
4,16.5105188192562,0,0.2,0.49,0.31,0,0,0,0
4,16.5834129420786,0,0.16,0.55,0.29,0,0,0,0
4,16.6563070649009,0,0.2,0.6,0.2,0,0,0,0
4,16.7292011877232,0.01,0.23,0.51,0.25,0,0,0,0
4,16.8020953105455,0.01,0.14,0.53,0.32,0,0,0,0
4,16.8749894333679,0.02,0.18,0.52,0.28,0,0,0,0
4,16.9478835561902,0.01,0.19,0.57,0.23,0,0,0,0
4,17.0207776790125,0,0.16,0.56,0.28,0,0,0,0
4,17.0936718018348,0.03,0.18,0.56,0.23,0,0,0,0
4,17.1665659246572,0,0.22,0.49,0.29,0,0,0,0
4,17.2394600474795,0,0.17,0.55,0.28,0,0,0,0
4,17.3123541703018,0.01,0.23,0.47,0.29,0,0,0,0
4,17.3852482931241,0.01,0.21,0.48,0.3,0,0,0,0
4,17.4581424159464,0.01,0.17,0.59,0.23,0,0,0,0
4,17.5310365387688,0,0.21,0.52,0.27,0,0,0,0
4,17.6039306615911,0.01,0.13,0.58,0.28,0,0,0,0
4,17.6768247844134,0.01,0.15,0.56,0.28,0,0,0,0
4,17.7497189072357,0.02,0.17,0.57,0.24,0,0,0,0
4,17.8226130300581,0,0.14,0.5,0.36,0,0,0,0
4,17.8955071528804,0.01,0.14,0.52,0.33,0,0,0,0
4,17.9684012757027,0,0.13,0.61,0.26,0,0,0,0
4,18.041295398525,0.01,0.14,0.5,0.35,0,0,0,0
4,18.1141895213474,0.02,0.11,0.55,0.32,0,0,0,0
4,18.1870836441697,0.01,0.12,0.52,0.35,0,0,0,0
4,18.259977766992,0,0.21,0.51,0.28,0,0,0,0
4,18.3328718898143,0,0.22,0.51,0.27,0,0,0,0
4,18.4057660126366,0.01,0.14,0.54,0.31,0,0,0,0
4,18.478660135459,0,0.2,0.55,0.25,0,0,0,0
4,18.5515542582813,0,0.18,0.46,0.36,0,0,0,0
4,18.6244483811036,0,0.19,0.5,0.31,0,0,0,0
4,18.6973425039259,0.01,0.22,0.5,0.27,0,0,0,0
4,18.7702366267483,0.03,0.19,0.47,0.31,0,0,0,0
4,18.8431307495706,0.01,0.22,0.55,0.22,0,0,0,0
4,18.9160248723929,0.04,0.16,0.51,0.29,0,0,0,0
4,18.9889189952152,0,0.2,0.53,0.27,0,0,0,0
4,19.0618131180376,0.01,0.18,0.58,0.23,0,0,0,0
4,19.1347072408599,0.01,0.1,0.53,0.36,0,0,0,0
4,19.2076013636822,0,0.16,0.55,0.29,0,0,0,0
4,19.2804954865045,0,0.18,0.46,0.36,0,0,0,0
4,19.3533896093269,0,0.2,0.55,0.25,0,0,0,0
4,19.4262837321492,0,0.18,0.6,0.22,0,0,0,0
4,19.4991778549715,0.01,0.12,0.55,0.32,0,0,0,0
4,19.5720719777938,0.01,0.13,0.62,0.24,0,0,0,0
4,19.6449661006161,0.01,0.21,0.52,0.26,0,0,0,0
4,19.7178602234385,0,0.17,0.47,0.36,0,0,0,0
4,19.7907543462608,0.02,0.21,0.5,0.27,0,0,0,0
4,19.8636484690831,0.01,0.16,0.57,0.26,0,0,0,0
4,19.9365425919054,0,0.2,0.56,0.24,0,0,0,0
4,20.0094367147278,0,0.17,0.59,0.24,0,0,0,0
4,20.0823308375501,0.01,0.2,0.47,0.32,0,0,0,0
4,20.1552249603724,0,0.11,0.64,0.25,0,0,0,0
4,20.2281190831947,0,0.18,0.59,0.23,0,0,0,0
4,20.3010132060171,0.02,0.22,0.52,0.24,0,0,0,0
4,20.3739073288394,0.01,0.22,0.5,0.27,0,0,0,0
4,20.4468014516617,0.02,0.13,0.59,0.26,0,0,0,0
4,20.519695574484,0.01,0.16,0.45,0.38,0,0,0,0
4,20.5925896973064,0.01,0.23,0.53,0.23,0,0,0,0
4,20.6654838201287,0.03,0.21,0.48,0.28,0,0,0,0
4,20.738377942951,0,0.14,0.5,0.36,0,0,0,0
4,20.8112720657733,0.01,0.16,0.46,0.37,0,0,0,0
4,20.8841661885956,0.01,0.16,0.47,0.36,0,0,0,0
4,20.957060311418,0.01,0.17,0.55,0.27,0,0,0,0
4,21.0299544342403,0.02,0.21,0.51,0.26,0,0,0,0
4,21.1028485570626,0.02,0.22,0.44,0.32,0,0,0,0
4,21.1757426798849,0.04,0.2,0.44,0.32,0,0,0,0
4,21.2486368027073,0,0.17,0.54,0.29,0,0,0,0
4,21.3215309255296,0.02,0.16,0.49,0.33,0,0,0,0
4,21.3944250483519,0,0.19,0.6,0.21,0,0,0,0
4,21.4673191711742,0.01,0.16,0.57,0.26,0,0,0,0
4,21.5402132939966,0.01,0.23,0.45,0.31,0,0,0,0
4,21.6131074168189,0,0.21,0.58,0.21,0,0,0,0
4,21.6860015396412,0,0.16,0.59,0.25,0,0,0,0
4,21.7588956624635,0.02,0.15,0.53,0.3,0,0,0,0
4,21.8317897852858,0.01,0.18,0.49,0.32,0,0,0,0
5,0.0364470614111617,1,0,0,0,0,0,0,0
5,0.109341184233485,0.97,0.03,0,0,0,0,0,0
5,0.182235307055808,0.87,0.13,0,0,0,0,0,0
5,0.255129429878132,0.61,0.38,0.01,0,0,0,0,0
5,0.328023552700455,0.48,0.41,0.11,0,0,0,0,0
5,0.400917675522779,0.37,0.59,0.04,0,0,0,0,0
5,0.473811798345102,0.33,0.5,0.16,0.01,0,0,0,0
5,0.546705921167425,0.25,0.53,0.21,0.01,0,0,0,0
5,0.619600043989749,0.11,0.65,0.24,0,0,0,0,0
5,0.692494166812072,0.21,0.58,0.21,0,0,0,0,0
5,0.765388289634395,0.13,0.46,0.35,0.05,0.01,0,0,0
5,0.838282412456719,0.14,0.54,0.24,0.08,0,0,0,0
5,0.911176535279042,0.07,0.45,0.41,0.07,0,0,0,0
5,0.984070658101366,0.03,0.5,0.34,0.13,0,0,0,0
5,1.05696478092369,0.07,0.46,0.4,0.07,0,0,0,0
5,1.12985890374601,0.11,0.37,0.36,0.16,0,0,0,0
5,1.20275302656834,0.04,0.46,0.4,0.08,0.02,0,0,0
5,1.27564714939066,0.05,0.28,0.51,0.15,0.01,0,0,0
5,1.34854127221298,0.04,0.34,0.48,0.12,0.02,0,0,0
5,1.42143539503531,0.07,0.28,0.46,0.19,0,0,0,0
5,1.49432951785763,0.03,0.24,0.48,0.24,0.01,0,0,0
5,1.56722364067995,0.02,0.21,0.59,0.17,0.01,0,0,0
5,1.64011776350228,0.02,0.31,0.46,0.2,0.01,0,0,0
5,1.7130118863246,0.01,0.22,0.51,0.25,0.01,0,0,0
5,1.78590600914692,0.03,0.28,0.48,0.19,0.02,0,0,0
5,1.85880013196925,0.01,0.2,0.5,0.26,0.03,0,0,0
5,1.93169425479157,0.02,0.26,0.42,0.23,0.07,0,0,0
5,2.00458837761389,0,0.24,0.49,0.26,0.01,0,0,0
5,2.07748250043622,0.03,0.18,0.48,0.28,0.03,0,0,0
5,2.15037662325854,0.02,0.32,0.42,0.22,0.02,0,0,0
5,2.22327074608086,0.03,0.27,0.37,0.28,0.05,0,0,0
5,2.29616486890319,0.01,0.12,0.58,0.25,0.04,0,0,0
5,2.36905899172551,0,0.2,0.55,0.22,0.03,0,0,0
5,2.44195311454783,0.01,0.13,0.5,0.36,0,0,0,0
5,2.51484723737016,0,0.16,0.44,0.32,0.08,0,0,0
5,2.58774136019248,0.01,0.15,0.41,0.38,0.05,0,0,0
5,2.6606354830148,0,0.24,0.4,0.27,0.09,0,0,0
5,2.73352960583713,0.01,0.16,0.47,0.29,0.07,0,0,0
5,2.80642372865945,0,0.2,0.41,0.32,0.07,0,0,0
5,2.87931785148177,0,0.19,0.48,0.31,0.02,0,0,0
5,2.9522119743041,0.03,0.14,0.49,0.28,0.06,0,0,0
5,3.02510609712642,0,0.15,0.46,0.31,0.08,0,0,0
5,3.09800021994874,0.01,0.16,0.36,0.45,0.02,0,0,0
5,3.17089434277107,0.01,0.18,0.38,0.37,0.06,0,0,0
5,3.24378846559339,0.03,0.12,0.37,0.41,0.07,0,0,0
5,3.31668258841571,0.02,0.16,0.47,0.31,0.04,0,0,0
5,3.38957671123804,0.01,0.1,0.53,0.33,0.03,0,0,0
5,3.46247083406036,0.01,0.18,0.45,0.32,0.04,0,0,0
5,3.53536495688268,0,0.13,0.36,0.46,0.05,0,0,0
5,3.60825907970501,0.01,0.14,0.53,0.27,0.05,0,0,0
5,3.68115320252733,0,0.14,0.43,0.39,0.04,0,0,0
5,3.75404732534965,0.02,0.18,0.41,0.39,0,0,0,0
5,3.82694144817198,0,0.15,0.36,0.4,0.09,0,0,0
5,3.8998355709943,0,0.11,0.48,0.3,0.11,0,0,0
5,3.97272969381662,0.01,0.09,0.45,0.37,0.08,0,0,0
5,4.04562381663895,0,0.15,0.5,0.31,0.04,0,0,0
5,4.11851793946127,0,0.18,0.32,0.47,0.03,0,0,0
5,4.19141206228359,0,0.1,0.42,0.45,0.03,0,0,0
5,4.26430618510592,0,0.1,0.42,0.41,0.07,0,0,0
5,4.33720030792824,0.01,0.18,0.38,0.39,0.04,0,0,0
5,4.41009443075056,0.01,0.14,0.39,0.33,0.13,0,0,0
5,4.48298855357289,0,0.13,0.37,0.46,0.04,0,0,0
5,4.55588267639521,0,0.13,0.44,0.3,0.13,0,0,0
5,4.62877679921753,0.01,0.09,0.4,0.39,0.11,0,0,0
5,4.70167092203986,0.01,0.12,0.38,0.43,0.06,0,0,0
5,4.77456504486218,0.01,0.07,0.44,0.39,0.09,0,0,0
5,4.8474591676845,0,0.13,0.38,0.42,0.07,0,0,0
5,4.92035329050683,0,0.11,0.47,0.36,0.06,0,0,0
5,4.99324741332915,0,0.09,0.36,0.44,0.11,0,0,0
5,5.06614153615147,0,0.14,0.36,0.44,0.06,0,0,0
5,5.1390356589738,0.02,0.06,0.37,0.43,0.12,0,0,0
5,5.21192978179612,0.03,0.14,0.38,0.36,0.09,0,0,0
5,5.28482390461844,0,0.11,0.46,0.37,0.06,0,0,0
5,5.35771802744077,0.01,0.11,0.32,0.47,0.09,0,0,0
5,5.43061215026309,0,0.09,0.38,0.42,0.11,0,0,0
5,5.50350627308541,0,0.13,0.43,0.35,0.09,0,0,0
5,5.57640039590774,0,0.1,0.41,0.36,0.13,0,0,0
5,5.64929451873006,0,0.13,0.49,0.34,0.04,0,0,0
5,5.72218864155238,0,0.11,0.41,0.41,0.07,0,0,0
5,5.79508276437471,0,0.11,0.34,0.48,0.07,0,0,0
5,5.86797688719703,0.02,0.12,0.4,0.38,0.08,0,0,0
5,5.94087101001935,0,0.08,0.48,0.32,0.12,0,0,0
5,6.01376513284168,0,0.12,0.46,0.33,0.09,0,0,0
5,6.086659255664,0,0.1,0.45,0.38,0.07,0,0,0
5,6.15955337848632,0,0.09,0.54,0.32,0.05,0,0,0
5,6.23244750130865,0,0.09,0.42,0.35,0.14,0,0,0
5,6.30534162413097,0,0.07,0.45,0.43,0.05,0,0,0
5,6.37823574695329,0.01,0.09,0.43,0.42,0.05,0,0,0
5,6.45112986977562,0,0.12,0.34,0.45,0.09,0,0,0
5,6.52402399259794,0.01,0.12,0.39,0.4,0.08,0,0,0
5,6.59691811542026,0.01,0.11,0.3,0.5,0.08,0,0,0
5,6.66981223824259,0,0.07,0.38,0.48,0.07,0,0,0
5,6.74270636106491,0,0.12,0.37,0.38,0.13,0,0,0
5,6.81560048388723,0,0.09,0.39,0.43,0.09,0,0,0
5,6.88849460670956,0,0.1,0.4,0.38,0.12,0,0,0
5,6.96138872953188,0,0.08,0.46,0.35,0.11,0,0,0
5,7.0342828523542,0,0.08,0.43,0.43,0.06,0,0,0
5,7.10717697517653,0,0.15,0.34,0.43,0.08,0,0,0
5,7.18007109799885,0,0.06,0.48,0.4,0.06,0,0,0
5,7.25296522082118,0,0.09,0.45,0.38,0.08,0,0,0
5,7.3258593436435,0.01,0.07,0.51,0.28,0.13,0,0,0
5,7.39875346646582,0.01,0.08,0.39,0.4,0.12,0,0,0
5,7.47164758928815,0,0.12,0.43,0.36,0.09,0,0,0
5,7.54454171211047,0,0.06,0.51,0.35,0.08,0,0,0
5,7.61743583493279,0,0.07,0.44,0.4,0.09,0,0,0
5,7.69032995775512,0,0.1,0.42,0.4,0.08,0,0,0
5,7.76322408057744,0,0.08,0.4,0.45,0.07,0,0,0
5,7.83611820339976,0,0.07,0.36,0.47,0.1,0,0,0
5,7.90901232622209,0,0.09,0.44,0.39,0.08,0,0,0
5,7.98190644904441,0,0.1,0.41,0.42,0.07,0,0,0
5,8.05480057186673,0,0.06,0.38,0.45,0.11,0,0,0
5,8.12769469468905,0.01,0.14,0.37,0.4,0.08,0,0,0
5,8.20058881751138,0,0.12,0.37,0.37,0.14,0,0,0
5,8.2734829403337,0.01,0.08,0.43,0.39,0.09,0,0,0
5,8.34637706315603,0,0.05,0.49,0.38,0.08,0,0,0
5,8.41927118597835,0,0.05,0.41,0.43,0.11,0,0,0
5,8.49216530880067,0.01,0.1,0.34,0.5,0.05,0,0,0
5,8.565059431623,0,0.13,0.38,0.38,0.11,0,0,0
5,8.63795355444532,0.01,0.12,0.41,0.39,0.07,0,0,0
5,8.71084767726764,0,0.12,0.38,0.42,0.08,0,0,0
5,8.78374180008997,0,0.12,0.33,0.44,0.11,0,0,0
5,8.85663592291229,0,0.12,0.44,0.35,0.09,0,0,0
5,8.92953004573461,0.01,0.1,0.4,0.42,0.07,0,0,0
5,9.00242416855694,0,0.08,0.44,0.35,0.13,0,0,0
5,9.07531829137926,0,0.1,0.35,0.45,0.1,0,0,0
5,9.14821241420158,0,0.11,0.36,0.45,0.08,0,0,0
5,9.22110653702391,0,0.08,0.44,0.33,0.15,0,0,0
5,9.29400065984623,0.01,0.13,0.31,0.54,0.01,0,0,0
5,9.36689478266855,0.01,0.06,0.39,0.47,0.07,0,0,0
5,9.43978890549088,0,0.1,0.44,0.37,0.09,0,0,0
5,9.5126830283132,0,0.09,0.32,0.47,0.12,0,0,0
5,9.58557715113552,0.01,0.13,0.28,0.51,0.07,0,0,0
5,9.65847127395785,0,0.11,0.41,0.38,0.1,0,0,0
5,9.73136539678017,0,0.06,0.35,0.47,0.12,0,0,0
5,9.80425951960249,0,0.09,0.32,0.51,0.08,0,0,0
5,9.87715364242482,0.02,0.12,0.35,0.46,0.05,0,0,0
5,9.95004776524714,0,0.06,0.46,0.35,0.13,0,0,0
5,10.0229418880695,0.01,0.11,0.39,0.42,0.07,0,0,0
5,10.0958360108918,0.01,0.06,0.4,0.39,0.14,0,0,0
5,10.1687301337141,0.01,0.11,0.39,0.38,0.11,0,0,0
5,10.2416242565364,0,0.08,0.39,0.45,0.08,0,0,0
5,10.3145183793588,0,0.06,0.43,0.45,0.06,0,0,0
5,10.3874125021811,0,0.15,0.33,0.41,0.11,0,0,0
5,10.4603066250034,0,0.07,0.39,0.46,0.08,0,0,0
5,10.5332007478257,0,0.12,0.4,0.4,0.08,0,0,0
5,10.606094870648,0,0.11,0.39,0.41,0.09,0,0,0
5,10.6789889934704,0,0.08,0.35,0.44,0.13,0,0,0
5,10.7518831162927,0,0.1,0.34,0.47,0.09,0,0,0
5,10.824777239115,0.01,0.16,0.33,0.43,0.07,0,0,0
5,10.8976713619373,0,0.08,0.39,0.38,0.15,0,0,0
5,10.9705654847597,0,0.06,0.36,0.4,0.18,0,0,0
5,11.043459607582,0,0.08,0.37,0.45,0.1,0,0,0
5,11.1163537304043,0,0.06,0.38,0.43,0.13,0,0,0
5,11.1892478532266,0,0.07,0.39,0.42,0.12,0,0,0
5,11.262141976049,0,0.08,0.36,0.47,0.09,0,0,0
5,11.3350360988713,0,0.05,0.35,0.49,0.11,0,0,0
5,11.4079302216936,0,0.07,0.37,0.48,0.08,0,0,0
5,11.4808243445159,0.01,0.06,0.38,0.48,0.07,0,0,0
5,11.5537184673383,0.01,0.07,0.37,0.43,0.12,0,0,0
5,11.6266125901606,0,0.09,0.39,0.44,0.08,0,0,0
5,11.6995067129829,0,0.08,0.3,0.52,0.1,0,0,0
5,11.7724008358052,0.01,0.05,0.34,0.48,0.12,0,0,0
5,11.8452949586275,0,0.07,0.36,0.44,0.13,0,0,0
5,11.9181890814499,0,0.09,0.46,0.4,0.05,0,0,0
5,11.9910832042722,0,0.06,0.39,0.43,0.12,0,0,0
5,12.0639773270945,0,0.08,0.38,0.47,0.07,0,0,0
5,12.1368714499168,0,0.05,0.45,0.4,0.1,0,0,0
5,12.2097655727392,0.01,0.04,0.36,0.49,0.1,0,0,0
5,12.2826596955615,0,0.08,0.31,0.54,0.07,0,0,0
5,12.3555538183838,0.01,0.08,0.35,0.48,0.08,0,0,0
5,12.4284479412061,0,0.11,0.42,0.39,0.08,0,0,0
5,12.5013420640285,0,0.09,0.48,0.39,0.04,0,0,0
5,12.5742361868508,0,0.11,0.29,0.44,0.16,0,0,0
5,12.6471303096731,0,0.03,0.38,0.46,0.13,0,0,0
5,12.7200244324954,0,0.05,0.34,0.45,0.16,0,0,0
5,12.7929185553178,0.01,0.05,0.52,0.35,0.07,0,0,0
5,12.8658126781401,0,0.12,0.38,0.4,0.1,0,0,0
5,12.9387068009624,0,0.1,0.38,0.42,0.1,0,0,0
5,13.0116009237847,0,0.09,0.32,0.47,0.12,0,0,0
5,13.084495046607,0,0.09,0.32,0.48,0.11,0,0,0
5,13.1573891694294,0.01,0.08,0.48,0.36,0.07,0,0,0
5,13.2302832922517,0.01,0.13,0.37,0.4,0.09,0,0,0
5,13.303177415074,0,0.09,0.38,0.43,0.1,0,0,0
5,13.3760715378963,0.01,0.07,0.33,0.46,0.13,0,0,0
5,13.4489656607187,0,0.1,0.38,0.39,0.13,0,0,0
5,13.521859783541,0,0.06,0.43,0.36,0.15,0,0,0
5,13.5947539063633,0,0.06,0.42,0.4,0.12,0,0,0
5,13.6676480291856,0,0.06,0.38,0.45,0.11,0,0,0
5,13.740542152008,0,0.11,0.35,0.49,0.05,0,0,0
5,13.8134362748303,0,0.1,0.31,0.45,0.14,0,0,0
5,13.8863303976526,0,0.07,0.4,0.43,0.1,0,0,0
5,13.9592245204749,0,0.1,0.46,0.34,0.1,0,0,0
5,14.0321186432972,0,0.1,0.4,0.42,0.08,0,0,0
5,14.1050127661196,0,0.09,0.32,0.48,0.11,0,0,0
5,14.1779068889419,0,0.08,0.38,0.43,0.11,0,0,0
5,14.2508010117642,0,0.08,0.35,0.46,0.11,0,0,0
5,14.3236951345865,0,0.12,0.33,0.48,0.07,0,0,0
5,14.3965892574089,0.01,0.04,0.43,0.38,0.14,0,0,0
5,14.4694833802312,0,0.05,0.4,0.41,0.14,0,0,0
5,14.5423775030535,0.01,0.09,0.31,0.48,0.11,0,0,0
5,14.6152716258758,0.01,0.07,0.39,0.44,0.09,0,0,0
5,14.6881657486982,0,0.03,0.4,0.47,0.1,0,0,0
5,14.7610598715205,0,0.09,0.35,0.49,0.07,0,0,0
5,14.8339539943428,0,0.07,0.37,0.46,0.1,0,0,0
5,14.9068481171651,0,0.09,0.39,0.44,0.08,0,0,0
5,14.9797422399875,0,0.09,0.36,0.48,0.07,0,0,0
5,15.0526363628098,0,0.08,0.35,0.47,0.1,0,0,0
5,15.1255304856321,0,0.08,0.39,0.4,0.13,0,0,0
5,15.1984246084544,0,0.07,0.48,0.37,0.08,0,0,0
5,15.2713187312767,0,0.12,0.31,0.45,0.12,0,0,0
5,15.3442128540991,0.01,0.05,0.41,0.44,0.09,0,0,0
5,15.4171069769214,0,0.05,0.36,0.48,0.11,0,0,0
5,15.4900010997437,0,0.09,0.36,0.45,0.1,0,0,0
5,15.562895222566,0.01,0.09,0.4,0.44,0.06,0,0,0
5,15.6357893453884,0,0.1,0.45,0.34,0.11,0,0,0
5,15.7086834682107,0,0.07,0.34,0.46,0.13,0,0,0
5,15.781577591033,0,0.06,0.3,0.53,0.11,0,0,0
5,15.8544717138553,0,0.07,0.37,0.43,0.13,0,0,0
5,15.9273658366777,0.01,0.05,0.37,0.45,0.12,0,0,0
5,16.0002599595,0.01,0.14,0.35,0.38,0.12,0,0,0
5,16.0731540823223,0,0.06,0.36,0.52,0.06,0,0,0
5,16.1460482051446,0.01,0.05,0.41,0.4,0.13,0,0,0
5,16.218942327967,0,0.11,0.37,0.43,0.09,0,0,0
5,16.2918364507893,0,0.07,0.34,0.46,0.13,0,0,0
5,16.3647305736116,0.01,0.09,0.34,0.46,0.1,0,0,0
5,16.4376246964339,0,0.1,0.34,0.5,0.06,0,0,0
5,16.5105188192562,0,0.12,0.39,0.45,0.04,0,0,0
5,16.5834129420786,0,0.06,0.32,0.51,0.11,0,0,0
5,16.6563070649009,0,0.06,0.44,0.39,0.11,0,0,0
5,16.7292011877232,0.01,0.02,0.36,0.5,0.11,0,0,0
5,16.8020953105455,0,0.12,0.4,0.36,0.12,0,0,0
5,16.8749894333679,0,0.08,0.42,0.42,0.08,0,0,0
5,16.9478835561902,0,0.12,0.41,0.35,0.12,0,0,0
5,17.0207776790125,0,0.09,0.34,0.47,0.1,0,0,0
5,17.0936718018348,0,0.05,0.34,0.52,0.09,0,0,0
5,17.1665659246572,0,0.1,0.37,0.43,0.1,0,0,0
5,17.2394600474795,0,0.05,0.42,0.45,0.08,0,0,0
5,17.3123541703018,0,0.08,0.46,0.38,0.08,0,0,0
5,17.3852482931241,0.01,0.11,0.38,0.37,0.13,0,0,0
5,17.4581424159464,0.01,0.07,0.42,0.41,0.09,0,0,0
5,17.5310365387688,0.02,0.08,0.37,0.47,0.06,0,0,0
5,17.6039306615911,0.01,0.09,0.43,0.39,0.08,0,0,0
5,17.6768247844134,0,0.05,0.38,0.46,0.11,0,0,0
5,17.7497189072357,0,0.1,0.47,0.3,0.13,0,0,0
5,17.8226130300581,0,0.07,0.46,0.35,0.12,0,0,0
5,17.8955071528804,0,0.09,0.47,0.35,0.09,0,0,0
5,17.9684012757027,0.01,0.03,0.41,0.43,0.12,0,0,0
5,18.041295398525,0.01,0.08,0.4,0.39,0.12,0,0,0
5,18.1141895213474,0.02,0.08,0.39,0.43,0.08,0,0,0
5,18.1870836441697,0,0.03,0.43,0.4,0.14,0,0,0
5,18.259977766992,0.01,0.09,0.4,0.36,0.14,0,0,0
5,18.3328718898143,0,0.07,0.31,0.53,0.09,0,0,0
5,18.4057660126366,0,0.07,0.37,0.41,0.15,0,0,0
5,18.478660135459,0,0.04,0.4,0.48,0.08,0,0,0
5,18.5515542582813,0,0.08,0.34,0.51,0.07,0,0,0
5,18.6244483811036,0,0.07,0.38,0.45,0.1,0,0,0
5,18.6973425039259,0,0.03,0.34,0.49,0.14,0,0,0
5,18.7702366267483,0,0.07,0.44,0.45,0.04,0,0,0
5,18.8431307495706,0,0.1,0.35,0.47,0.08,0,0,0
5,18.9160248723929,0,0.05,0.41,0.36,0.18,0,0,0
5,18.9889189952152,0,0.06,0.39,0.49,0.06,0,0,0
5,19.0618131180376,0,0.1,0.45,0.39,0.06,0,0,0
5,19.1347072408599,0,0.11,0.32,0.43,0.14,0,0,0
5,19.2076013636822,0,0.1,0.41,0.38,0.11,0,0,0
5,19.2804954865045,0,0.12,0.35,0.44,0.09,0,0,0
5,19.3533896093269,0,0.05,0.45,0.41,0.09,0,0,0
5,19.4262837321492,0.02,0.03,0.38,0.55,0.02,0,0,0
5,19.4991778549715,0.01,0.08,0.38,0.42,0.11,0,0,0
5,19.5720719777938,0,0.05,0.37,0.45,0.13,0,0,0
5,19.6449661006161,0.02,0.07,0.37,0.41,0.13,0,0,0
5,19.7178602234385,0,0.13,0.44,0.37,0.06,0,0,0
5,19.7907543462608,0,0.11,0.43,0.31,0.15,0,0,0
5,19.8636484690831,0,0.1,0.41,0.43,0.06,0,0,0
5,19.9365425919054,0,0.02,0.49,0.43,0.06,0,0,0
5,20.0094367147278,0.01,0.06,0.35,0.45,0.13,0,0,0
5,20.0823308375501,0,0.08,0.37,0.45,0.1,0,0,0
5,20.1552249603724,0,0.09,0.44,0.33,0.14,0,0,0
5,20.2281190831947,0,0.03,0.36,0.49,0.12,0,0,0
5,20.3010132060171,0,0.05,0.39,0.49,0.07,0,0,0
5,20.3739073288394,0.01,0.12,0.32,0.44,0.11,0,0,0
5,20.4468014516617,0,0.08,0.33,0.49,0.1,0,0,0
5,20.519695574484,0,0.03,0.34,0.5,0.13,0,0,0
5,20.5925896973064,0,0.05,0.43,0.39,0.13,0,0,0
5,20.6654838201287,0,0.06,0.44,0.39,0.11,0,0,0
5,20.738377942951,0,0.12,0.42,0.35,0.11,0,0,0
5,20.8112720657733,0,0.05,0.33,0.53,0.09,0,0,0
5,20.8841661885956,0,0.1,0.37,0.4,0.13,0,0,0
5,20.957060311418,0,0.12,0.4,0.36,0.12,0,0,0
5,21.0299544342403,0,0.09,0.31,0.47,0.13,0,0,0
5,21.1028485570626,0.01,0.05,0.38,0.45,0.11,0,0,0
5,21.1757426798849,0,0.03,0.33,0.51,0.13,0,0,0
5,21.2486368027073,0,0.08,0.35,0.44,0.13,0,0,0
5,21.3215309255296,0,0.09,0.29,0.5,0.12,0,0,0
5,21.3944250483519,0,0.1,0.49,0.34,0.07,0,0,0
5,21.4673191711742,0,0.06,0.36,0.44,0.14,0,0,0
5,21.5402132939966,0,0.06,0.41,0.43,0.1,0,0,0
5,21.6131074168189,0,0.05,0.36,0.51,0.08,0,0,0
5,21.6860015396412,0,0.06,0.32,0.52,0.1,0,0,0
5,21.7588956624635,0,0.07,0.41,0.41,0.11,0,0,0
5,21.8317897852858,0,0.09,0.32,0.48,0.11,0,0,0
6,0.0364470614111617,1,0,0,0,0,0,0,0
6,0.109341184233485,0.96,0.04,0,0,0,0,0,0
6,0.182235307055808,0.81,0.19,0,0,0,0,0,0
6,0.255129429878132,0.67,0.33,0,0,0,0,0,0
6,0.328023552700455,0.53,0.41,0.05,0.01,0,0,0,0
6,0.400917675522779,0.3,0.51,0.19,0,0,0,0,0
6,0.473811798345102,0.3,0.54,0.16,0,0,0,0,0
6,0.546705921167425,0.07,0.75,0.16,0.02,0,0,0,0
6,0.619600043989749,0.12,0.54,0.3,0.04,0,0,0,0
6,0.692494166812072,0.11,0.45,0.36,0.07,0.01,0,0,0
6,0.765388289634395,0.09,0.52,0.31,0.08,0,0,0,0
6,0.838282412456719,0.08,0.32,0.51,0.07,0.02,0,0,0
6,0.911176535279042,0.05,0.35,0.48,0.1,0.02,0,0,0
6,0.984070658101366,0.09,0.4,0.37,0.13,0.01,0,0,0
6,1.05696478092369,0.05,0.33,0.45,0.17,0,0,0,0
6,1.12985890374601,0.02,0.25,0.51,0.21,0.01,0,0,0
6,1.20275302656834,0.05,0.35,0.48,0.09,0.03,0,0,0
6,1.27564714939066,0.01,0.28,0.39,0.28,0.04,0,0,0
6,1.34854127221298,0.03,0.27,0.45,0.19,0.06,0,0,0
6,1.42143539503531,0.02,0.21,0.51,0.2,0.06,0,0,0
6,1.49432951785763,0.01,0.29,0.41,0.25,0.04,0,0,0
6,1.56722364067995,0.02,0.15,0.46,0.32,0.05,0,0,0
6,1.64011776350228,0.02,0.21,0.4,0.27,0.1,0,0,0
6,1.7130118863246,0.02,0.14,0.49,0.29,0.05,0.01,0,0
6,1.78590600914692,0,0.18,0.48,0.29,0.05,0,0,0
6,1.85880013196925,0.01,0.15,0.34,0.34,0.16,0,0,0
6,1.93169425479157,0,0.18,0.37,0.37,0.08,0,0,0
6,2.00458837761389,0,0.16,0.44,0.31,0.09,0,0,0
6,2.07748250043622,0,0.15,0.46,0.33,0.03,0.03,0,0
6,2.15037662325854,0,0.11,0.48,0.34,0.06,0.01,0,0
6,2.22327074608086,0,0.17,0.41,0.33,0.09,0,0,0
6,2.29616486890319,0.01,0.17,0.36,0.36,0.1,0,0,0
6,2.36905899172551,0.01,0.13,0.32,0.43,0.11,0,0,0
6,2.44195311454783,0,0.12,0.41,0.41,0.06,0,0,0
6,2.51484723737016,0.01,0.09,0.42,0.33,0.14,0.01,0,0
6,2.58774136019248,0.01,0.12,0.37,0.36,0.11,0.03,0,0
6,2.6606354830148,0,0.07,0.41,0.44,0.07,0.01,0,0
6,2.73352960583713,0.01,0.09,0.33,0.38,0.16,0.03,0,0
6,2.80642372865945,0,0.1,0.36,0.41,0.11,0.02,0,0
6,2.87931785148177,0,0.08,0.42,0.35,0.13,0.02,0,0
6,2.9522119743041,0.01,0.07,0.34,0.42,0.15,0.01,0,0
6,3.02510609712642,0,0.11,0.34,0.45,0.1,0,0,0
6,3.09800021994874,0,0.05,0.31,0.49,0.15,0,0,0
6,3.17089434277107,0.02,0.13,0.4,0.37,0.08,0,0,0
6,3.24378846559339,0,0.07,0.38,0.35,0.17,0.03,0,0
6,3.31668258841571,0.01,0.08,0.3,0.47,0.13,0.01,0,0
6,3.38957671123804,0,0.07,0.31,0.47,0.14,0.01,0,0
6,3.46247083406036,0,0.05,0.4,0.44,0.1,0.01,0,0
6,3.53536495688268,0,0.06,0.31,0.38,0.24,0.01,0,0
6,3.60825907970501,0.01,0.07,0.32,0.42,0.16,0.02,0,0
6,3.68115320252733,0,0.09,0.26,0.43,0.21,0.01,0,0
6,3.75404732534965,0.01,0.1,0.33,0.4,0.15,0.01,0,0
6,3.82694144817198,0,0.06,0.3,0.5,0.11,0.03,0,0
6,3.8998355709943,0,0.02,0.31,0.49,0.18,0,0,0
6,3.97272969381662,0,0.04,0.26,0.52,0.17,0.01,0,0
6,4.04562381663895,0,0.08,0.35,0.36,0.21,0,0,0
6,4.11851793946127,0,0.09,0.35,0.4,0.15,0.01,0,0
6,4.19141206228359,0,0.06,0.34,0.48,0.11,0.01,0,0
6,4.26430618510592,0,0.03,0.3,0.48,0.15,0.04,0,0
6,4.33720030792824,0,0.03,0.37,0.48,0.11,0.01,0,0
6,4.41009443075056,0,0.06,0.21,0.56,0.17,0,0,0
6,4.48298855357289,0,0.06,0.29,0.45,0.18,0.02,0,0
6,4.55588267639521,0,0.02,0.25,0.5,0.21,0.02,0,0
6,4.62877679921753,0,0.04,0.35,0.46,0.14,0.01,0,0
6,4.70167092203986,0,0.07,0.28,0.4,0.24,0.01,0,0
6,4.77456504486218,0,0.1,0.31,0.41,0.17,0.01,0,0
6,4.8474591676845,0,0.04,0.28,0.45,0.23,0,0,0
6,4.92035329050683,0,0.06,0.23,0.52,0.18,0.01,0,0
6,4.99324741332915,0,0.05,0.26,0.55,0.13,0.01,0,0
6,5.06614153615147,0.01,0.06,0.28,0.43,0.16,0.06,0,0
6,5.1390356589738,0,0.06,0.34,0.43,0.15,0.02,0,0
6,5.21192978179612,0,0.04,0.27,0.51,0.17,0.01,0,0
6,5.28482390461844,0,0.06,0.31,0.48,0.12,0.03,0,0
6,5.35771802744077,0,0.07,0.3,0.43,0.18,0.02,0,0
6,5.43061215026309,0,0.07,0.24,0.39,0.28,0.02,0,0
6,5.50350627308541,0,0.03,0.27,0.47,0.22,0.01,0,0
6,5.57640039590774,0,0.04,0.32,0.51,0.12,0.01,0,0
6,5.64929451873006,0,0.07,0.3,0.45,0.18,0,0,0
6,5.72218864155238,0,0.03,0.32,0.42,0.21,0.02,0,0
6,5.79508276437471,0,0.05,0.2,0.53,0.21,0.01,0,0
6,5.86797688719703,0,0.05,0.25,0.48,0.19,0.03,0,0
6,5.94087101001935,0,0.05,0.28,0.48,0.17,0.02,0,0
6,6.01376513284168,0.01,0.04,0.18,0.51,0.21,0.05,0,0
6,6.086659255664,0,0.02,0.36,0.43,0.18,0.01,0,0
6,6.15955337848632,0,0.06,0.38,0.4,0.16,0,0,0
6,6.23244750130865,0,0.05,0.25,0.45,0.23,0.02,0,0
6,6.30534162413097,0,0.04,0.29,0.45,0.2,0.02,0,0
6,6.37823574695329,0,0.09,0.23,0.41,0.25,0.02,0,0
6,6.45112986977562,0,0.07,0.28,0.4,0.21,0.04,0,0
6,6.52402399259794,0,0.06,0.27,0.45,0.2,0.02,0,0
6,6.59691811542026,0.01,0.04,0.29,0.4,0.22,0.04,0,0
6,6.66981223824259,0,0.04,0.34,0.48,0.14,0,0,0
6,6.74270636106491,0,0.06,0.3,0.46,0.15,0.03,0,0
6,6.81560048388723,0,0.04,0.29,0.44,0.19,0.04,0,0
6,6.88849460670956,0,0.05,0.32,0.4,0.19,0.04,0,0
6,6.96138872953188,0,0.03,0.35,0.37,0.23,0.02,0,0
6,7.0342828523542,0,0.1,0.25,0.38,0.24,0.03,0,0
6,7.10717697517653,0,0.03,0.26,0.43,0.25,0.03,0,0
6,7.18007109799885,0,0.06,0.31,0.45,0.16,0.02,0,0
6,7.25296522082118,0,0.03,0.3,0.42,0.22,0.03,0,0
6,7.3258593436435,0,0.02,0.24,0.48,0.25,0.01,0,0
6,7.39875346646582,0,0.12,0.28,0.39,0.2,0.01,0,0
6,7.47164758928815,0,0.02,0.29,0.37,0.31,0.01,0,0
6,7.54454171211047,0.01,0.06,0.3,0.36,0.24,0.03,0,0
6,7.61743583493279,0,0.02,0.26,0.52,0.18,0.02,0,0
6,7.69032995775512,0,0.03,0.25,0.43,0.25,0.04,0,0
6,7.76322408057744,0,0.05,0.22,0.44,0.25,0.04,0,0
6,7.83611820339976,0,0.04,0.24,0.55,0.15,0.02,0,0
6,7.90901232622209,0.01,0.04,0.26,0.45,0.23,0.01,0,0
6,7.98190644904441,0,0.03,0.24,0.49,0.22,0.02,0,0
6,8.05480057186673,0,0.01,0.3,0.4,0.26,0.03,0,0
6,8.12769469468905,0,0.05,0.34,0.38,0.23,0,0,0
6,8.20058881751138,0,0.09,0.21,0.49,0.15,0.06,0,0
6,8.2734829403337,0,0.06,0.28,0.42,0.23,0.01,0,0
6,8.34637706315603,0.01,0.04,0.25,0.41,0.27,0.02,0,0
6,8.41927118597835,0,0.02,0.26,0.5,0.21,0.01,0,0
6,8.49216530880067,0,0.05,0.32,0.34,0.24,0.05,0,0
6,8.565059431623,0,0.05,0.25,0.43,0.26,0.01,0,0
6,8.63795355444532,0.01,0.03,0.17,0.44,0.32,0.03,0,0
6,8.71084767726764,0.01,0.03,0.2,0.51,0.22,0.03,0,0
6,8.78374180008997,0,0.05,0.29,0.46,0.19,0.01,0,0
6,8.85663592291229,0,0.03,0.33,0.49,0.14,0.01,0,0
6,8.92953004573461,0,0.07,0.27,0.44,0.18,0.04,0,0
6,9.00242416855694,0.01,0.02,0.28,0.46,0.21,0.02,0,0
6,9.07531829137926,0,0.04,0.26,0.51,0.16,0.03,0,0
6,9.14821241420158,0,0.03,0.21,0.52,0.2,0.04,0,0
6,9.22110653702391,0,0,0.42,0.37,0.18,0.03,0,0
6,9.29400065984623,0,0.06,0.2,0.51,0.22,0.01,0,0
6,9.36689478266855,0,0.01,0.22,0.44,0.3,0.03,0,0
6,9.43978890549088,0,0.02,0.22,0.48,0.26,0.02,0,0
6,9.5126830283132,0,0.05,0.28,0.47,0.18,0.02,0,0
6,9.58557715113552,0,0.04,0.21,0.45,0.28,0.02,0,0
6,9.65847127395785,0,0.05,0.29,0.42,0.22,0.02,0,0
6,9.73136539678017,0,0.04,0.26,0.45,0.22,0.03,0,0
6,9.80425951960249,0,0.05,0.22,0.49,0.21,0.03,0,0
6,9.87715364242482,0,0.04,0.22,0.45,0.22,0.07,0,0
6,9.95004776524714,0,0.04,0.31,0.43,0.22,0,0,0
6,10.0229418880695,0.01,0.1,0.25,0.45,0.19,0,0,0
6,10.0958360108918,0,0.04,0.32,0.37,0.24,0.03,0,0
6,10.1687301337141,0,0.03,0.28,0.46,0.23,0,0,0
6,10.2416242565364,0,0.01,0.33,0.52,0.11,0.03,0,0
6,10.3145183793588,0,0.03,0.22,0.51,0.22,0.02,0,0
6,10.3874125021811,0,0.07,0.29,0.42,0.2,0.02,0,0
6,10.4603066250034,0,0.03,0.3,0.42,0.2,0.05,0,0
6,10.5332007478257,0,0.06,0.26,0.42,0.21,0.05,0,0
6,10.606094870648,0,0.05,0.26,0.46,0.2,0.03,0,0
6,10.6789889934704,0,0.04,0.26,0.44,0.23,0.03,0,0
6,10.7518831162927,0,0.07,0.19,0.53,0.2,0.01,0,0
6,10.824777239115,0,0.07,0.37,0.38,0.16,0.02,0,0
6,10.8976713619373,0.01,0.02,0.22,0.54,0.18,0.03,0,0
6,10.9705654847597,0,0.01,0.29,0.43,0.26,0.01,0,0
6,11.043459607582,0,0.07,0.22,0.45,0.26,0,0,0
6,11.1163537304043,0,0.04,0.35,0.29,0.29,0.03,0,0
6,11.1892478532266,0,0.03,0.28,0.44,0.23,0.02,0,0
6,11.262141976049,0,0.04,0.32,0.39,0.24,0.01,0,0
6,11.3350360988713,0,0.08,0.22,0.42,0.24,0.04,0,0
6,11.4079302216936,0,0.04,0.24,0.51,0.18,0.03,0,0
6,11.4808243445159,0,0,0.22,0.47,0.28,0.03,0,0
6,11.5537184673383,0,0.05,0.2,0.48,0.26,0.01,0,0
6,11.6266125901606,0,0.07,0.26,0.48,0.19,0,0,0
6,11.6995067129829,0,0.02,0.25,0.43,0.27,0.03,0,0
6,11.7724008358052,0.01,0.02,0.33,0.42,0.2,0.02,0,0
6,11.8452949586275,0,0,0.23,0.58,0.16,0.03,0,0
6,11.9181890814499,0,0.05,0.18,0.48,0.27,0.02,0,0
6,11.9910832042722,0,0.04,0.29,0.41,0.21,0.05,0,0
6,12.0639773270945,0,0.06,0.21,0.5,0.21,0.02,0,0
6,12.1368714499168,0,0.04,0.27,0.42,0.25,0.02,0,0
6,12.2097655727392,0,0.03,0.18,0.48,0.28,0.03,0,0
6,12.2826596955615,0,0.05,0.25,0.47,0.22,0.01,0,0
6,12.3555538183838,0.01,0.02,0.27,0.55,0.14,0.01,0,0
6,12.4284479412061,0.01,0.05,0.31,0.35,0.25,0.03,0,0
6,12.5013420640285,0,0.01,0.3,0.42,0.27,0,0,0
6,12.5742361868508,0,0.05,0.22,0.46,0.24,0.03,0,0
6,12.6471303096731,0.01,0.02,0.19,0.53,0.22,0.03,0,0
6,12.7200244324954,0,0.03,0.26,0.41,0.25,0.05,0,0
6,12.7929185553178,0,0.04,0.31,0.42,0.22,0.01,0,0
6,12.8658126781401,0,0.09,0.21,0.52,0.16,0.02,0,0
6,12.9387068009624,0,0.01,0.22,0.52,0.21,0.04,0,0
6,13.0116009237847,0,0.02,0.21,0.45,0.3,0.02,0,0
6,13.084495046607,0,0.05,0.27,0.43,0.23,0.02,0,0
6,13.1573891694294,0,0.01,0.38,0.5,0.1,0.01,0,0
6,13.2302832922517,0,0.03,0.23,0.45,0.28,0.01,0,0
6,13.303177415074,0,0.03,0.3,0.48,0.18,0.01,0,0
6,13.3760715378963,0,0.03,0.24,0.5,0.2,0.03,0,0
6,13.4489656607187,0,0.03,0.31,0.43,0.18,0.05,0,0
6,13.521859783541,0,0.01,0.27,0.42,0.28,0.02,0,0
6,13.5947539063633,0,0.04,0.29,0.41,0.23,0.03,0,0
6,13.6676480291856,0,0.05,0.29,0.44,0.21,0.01,0,0
6,13.740542152008,0,0.05,0.24,0.42,0.29,0,0,0
6,13.8134362748303,0,0.04,0.28,0.51,0.15,0.02,0,0
6,13.8863303976526,0.01,0.03,0.23,0.57,0.16,0,0,0
6,13.9592245204749,0,0.04,0.25,0.54,0.16,0.01,0,0
6,14.0321186432972,0,0.04,0.2,0.44,0.31,0.01,0,0
6,14.1050127661196,0,0.01,0.22,0.55,0.22,0,0,0
6,14.1779068889419,0,0.01,0.22,0.45,0.3,0.02,0,0
6,14.2508010117642,0,0.04,0.25,0.52,0.19,0,0,0
6,14.3236951345865,0,0.04,0.26,0.42,0.24,0.04,0,0
6,14.3965892574089,0,0.06,0.25,0.39,0.3,0,0,0
6,14.4694833802312,0,0.02,0.17,0.55,0.24,0.02,0,0
6,14.5423775030535,0,0.02,0.28,0.44,0.23,0.03,0,0
6,14.6152716258758,0,0.05,0.17,0.58,0.19,0.01,0,0
6,14.6881657486982,0,0.05,0.21,0.45,0.26,0.03,0,0
6,14.7610598715205,0,0.05,0.22,0.44,0.28,0.01,0,0
6,14.8339539943428,0,0.03,0.26,0.49,0.2,0.02,0,0
6,14.9068481171651,0,0.02,0.19,0.58,0.17,0.04,0,0
6,14.9797422399875,0,0.03,0.22,0.47,0.26,0.02,0,0
6,15.0526363628098,0.01,0.04,0.24,0.51,0.17,0.03,0,0
6,15.1255304856321,0.01,0.02,0.25,0.37,0.3,0.05,0,0
6,15.1984246084544,0,0.03,0.28,0.43,0.23,0.03,0,0
6,15.2713187312767,0,0.02,0.22,0.47,0.25,0.04,0,0
6,15.3442128540991,0,0.04,0.22,0.43,0.27,0.04,0,0
6,15.4171069769214,0,0.03,0.23,0.49,0.23,0.02,0,0
6,15.4900010997437,0,0.02,0.2,0.52,0.24,0.02,0,0
6,15.562895222566,0,0.04,0.31,0.44,0.19,0.02,0,0
6,15.6357893453884,0,0.02,0.25,0.48,0.2,0.05,0,0
6,15.7086834682107,0,0.03,0.23,0.48,0.21,0.05,0,0
6,15.781577591033,0,0.03,0.24,0.43,0.28,0.02,0,0
6,15.8544717138553,0,0.01,0.27,0.45,0.25,0.02,0,0
6,15.9273658366777,0,0.02,0.21,0.44,0.28,0.05,0,0
6,16.0002599595,0.02,0.03,0.21,0.5,0.22,0.02,0,0
6,16.0731540823223,0,0.01,0.2,0.5,0.24,0.05,0,0
6,16.1460482051446,0,0.06,0.31,0.38,0.23,0.02,0,0
6,16.218942327967,0,0.02,0.34,0.44,0.18,0.02,0,0
6,16.2918364507893,0,0.01,0.19,0.5,0.3,0,0,0
6,16.3647305736116,0,0.02,0.28,0.47,0.2,0.03,0,0
6,16.4376246964339,0,0.02,0.21,0.54,0.23,0,0,0
6,16.5105188192562,0,0.04,0.35,0.4,0.18,0.03,0,0
6,16.5834129420786,0,0.07,0.25,0.39,0.26,0.03,0,0
6,16.6563070649009,0,0.03,0.21,0.49,0.24,0.03,0,0
6,16.7292011877232,0,0,0.26,0.51,0.2,0.03,0,0
6,16.8020953105455,0.01,0.01,0.22,0.46,0.29,0.01,0,0
6,16.8749894333679,0,0.03,0.29,0.48,0.18,0.02,0,0
6,16.9478835561902,0,0.03,0.21,0.41,0.3,0.05,0,0
6,17.0207776790125,0,0.04,0.2,0.57,0.18,0.01,0,0
6,17.0936718018348,0,0.03,0.27,0.38,0.3,0.02,0,0
6,17.1665659246572,0,0.04,0.21,0.52,0.21,0.02,0,0
6,17.2394600474795,0,0.03,0.24,0.53,0.2,0,0,0
6,17.3123541703018,0,0.02,0.2,0.44,0.31,0.03,0,0
6,17.3852482931241,0,0.04,0.32,0.39,0.22,0.03,0,0
6,17.4581424159464,0,0.02,0.25,0.44,0.25,0.04,0,0
6,17.5310365387688,0,0.03,0.22,0.5,0.23,0.02,0,0
6,17.6039306615911,0,0.04,0.32,0.36,0.24,0.04,0,0
6,17.6768247844134,0,0.03,0.22,0.48,0.25,0.02,0,0
6,17.7497189072357,0.01,0.02,0.29,0.39,0.26,0.03,0,0
6,17.8226130300581,0,0.07,0.21,0.52,0.19,0.01,0,0
6,17.8955071528804,0,0,0.35,0.49,0.15,0.01,0,0
6,17.9684012757027,0,0.02,0.21,0.55,0.2,0.02,0,0
6,18.041295398525,0,0.05,0.18,0.42,0.3,0.05,0,0
6,18.1141895213474,0,0.02,0.29,0.48,0.2,0.01,0,0
6,18.1870836441697,0,0.04,0.28,0.46,0.21,0.01,0,0
6,18.259977766992,0,0.01,0.25,0.51,0.22,0.01,0,0
6,18.3328718898143,0,0.03,0.26,0.45,0.25,0.01,0,0
6,18.4057660126366,0,0.03,0.22,0.43,0.29,0.03,0,0
6,18.478660135459,0,0,0.12,0.64,0.22,0.02,0,0
6,18.5515542582813,0,0.02,0.24,0.5,0.18,0.06,0,0
6,18.6244483811036,0,0.01,0.21,0.46,0.31,0.01,0,0
6,18.6973425039259,0,0.06,0.23,0.4,0.25,0.06,0,0
6,18.7702366267483,0,0.03,0.22,0.51,0.2,0.04,0,0
6,18.8431307495706,0,0.06,0.25,0.38,0.28,0.03,0,0
6,18.9160248723929,0,0.04,0.29,0.49,0.16,0.02,0,0
6,18.9889189952152,0,0.03,0.24,0.52,0.2,0.01,0,0
6,19.0618131180376,0,0.02,0.25,0.44,0.24,0.05,0,0
6,19.1347072408599,0,0,0.29,0.43,0.23,0.05,0,0
6,19.2076013636822,0,0.03,0.28,0.36,0.29,0.04,0,0
6,19.2804954865045,0,0.03,0.26,0.46,0.23,0.02,0,0
6,19.3533896093269,0,0.02,0.23,0.47,0.28,0,0,0
6,19.4262837321492,0,0.03,0.25,0.4,0.28,0.04,0,0
6,19.4991778549715,0,0.07,0.29,0.39,0.23,0.02,0,0
6,19.5720719777938,0,0.03,0.26,0.45,0.23,0.03,0,0
6,19.6449661006161,0,0.03,0.2,0.49,0.26,0.02,0,0
6,19.7178602234385,0,0.05,0.24,0.42,0.27,0.02,0,0
6,19.7907543462608,0,0.06,0.23,0.45,0.22,0.04,0,0
6,19.8636484690831,0,0.03,0.31,0.39,0.23,0.04,0,0
6,19.9365425919054,0,0.02,0.21,0.56,0.19,0.02,0,0
6,20.0094367147278,0,0.04,0.25,0.44,0.27,0,0,0
6,20.0823308375501,0,0.02,0.2,0.47,0.28,0.03,0,0
6,20.1552249603724,0,0.04,0.28,0.5,0.16,0.02,0,0
6,20.2281190831947,0,0.07,0.28,0.36,0.28,0.01,0,0
6,20.3010132060171,0,0.03,0.22,0.47,0.27,0.01,0,0
6,20.3739073288394,0,0.04,0.32,0.42,0.19,0.03,0,0
6,20.4468014516617,0,0.04,0.13,0.57,0.24,0.02,0,0
6,20.519695574484,0,0.05,0.22,0.46,0.25,0.02,0,0
6,20.5925896973064,0,0.05,0.23,0.45,0.26,0.01,0,0
6,20.6654838201287,0,0.02,0.29,0.39,0.25,0.05,0,0
6,20.738377942951,0,0.03,0.27,0.45,0.21,0.04,0,0
6,20.8112720657733,0,0.05,0.31,0.39,0.22,0.03,0,0
6,20.8841661885956,0,0.05,0.24,0.49,0.2,0.02,0,0
6,20.957060311418,0,0.03,0.17,0.48,0.27,0.05,0,0
6,21.0299544342403,0,0.03,0.27,0.53,0.14,0.03,0,0
6,21.1028485570626,0,0.07,0.19,0.55,0.19,0,0,0
6,21.1757426798849,0,0.02,0.25,0.44,0.29,0,0,0
6,21.2486368027073,0,0,0.22,0.52,0.25,0.01,0,0
6,21.3215309255296,0,0.02,0.17,0.5,0.3,0.01,0,0
6,21.3944250483519,0,0.04,0.28,0.43,0.23,0.02,0,0
6,21.4673191711742,0.01,0.03,0.23,0.42,0.26,0.05,0,0
6,21.5402132939966,0,0.06,0.28,0.44,0.18,0.04,0,0
6,21.6131074168189,0,0.02,0.2,0.54,0.22,0.02,0,0
6,21.6860015396412,0,0.05,0.21,0.4,0.3,0.04,0,0
6,21.7588956624635,0,0.04,0.19,0.46,0.29,0.02,0,0
6,21.8317897852858,0,0.04,0.18,0.49,0.27,0.02,0,0
7,0.0364470614111617,1,0,0,0,0,0,0,0
7,0.109341184233485,0.98,0.02,0,0,0,0,0,0
7,0.182235307055808,0.83,0.17,0,0,0,0,0,0
7,0.255129429878132,0.54,0.43,0.03,0,0,0,0,0
7,0.328023552700455,0.34,0.6,0.06,0,0,0,0,0
7,0.400917675522779,0.19,0.7,0.11,0,0,0,0,0
7,0.473811798345102,0.12,0.65,0.21,0.02,0,0,0,0
7,0.546705921167425,0.19,0.54,0.27,0,0,0,0,0
7,0.619600043989749,0.07,0.61,0.27,0.05,0,0,0,0
7,0.692494166812072,0.04,0.53,0.36,0.07,0,0,0,0
7,0.765388289634395,0.05,0.4,0.42,0.11,0.02,0,0,0
7,0.838282412456719,0.04,0.45,0.37,0.12,0.01,0.01,0,0
7,0.911176535279042,0.03,0.31,0.44,0.2,0.02,0,0,0
7,0.984070658101366,0,0.27,0.4,0.29,0.03,0.01,0,0
7,1.05696478092369,0,0.25,0.5,0.19,0.06,0,0,0
7,1.12985890374601,0,0.22,0.44,0.27,0.07,0,0,0
7,1.20275302656834,0.03,0.19,0.48,0.25,0.05,0,0,0
7,1.27564714939066,0,0.25,0.45,0.26,0.04,0,0,0
7,1.34854127221298,0,0.15,0.45,0.36,0.04,0,0,0
7,1.42143539503531,0.02,0.13,0.4,0.35,0.09,0.01,0,0
7,1.49432951785763,0,0.14,0.34,0.45,0.07,0,0,0
7,1.56722364067995,0,0.13,0.45,0.31,0.11,0,0,0
7,1.64011776350228,0,0.11,0.46,0.33,0.09,0.01,0,0
7,1.7130118863246,0.02,0.14,0.34,0.41,0.08,0.01,0,0
7,1.78590600914692,0,0.1,0.39,0.37,0.13,0.01,0,0
7,1.85880013196925,0.01,0.08,0.32,0.45,0.13,0.01,0,0
7,1.93169425479157,0.01,0.12,0.3,0.46,0.08,0.03,0,0
7,2.00458837761389,0,0.11,0.27,0.41,0.2,0.01,0,0
7,2.07748250043622,0.01,0.07,0.32,0.39,0.18,0.03,0,0
7,2.15037662325854,0.01,0.08,0.36,0.38,0.15,0.02,0,0
7,2.22327074608086,0,0.1,0.3,0.42,0.15,0.03,0,0
7,2.29616486890319,0.01,0.08,0.25,0.49,0.15,0.02,0,0
7,2.36905899172551,0.01,0.12,0.28,0.4,0.18,0.01,0,0
7,2.44195311454783,0,0.04,0.23,0.43,0.28,0.02,0,0
7,2.51484723737016,0,0.08,0.31,0.31,0.25,0.05,0,0
7,2.58774136019248,0,0.06,0.25,0.46,0.22,0.01,0,0
7,2.6606354830148,0,0.05,0.27,0.4,0.25,0.03,0,0
7,2.73352960583713,0,0.08,0.17,0.42,0.29,0.04,0,0
7,2.80642372865945,0,0.06,0.2,0.46,0.23,0.05,0,0
7,2.87931785148177,0,0.05,0.35,0.47,0.09,0.04,0,0
7,2.9522119743041,0,0.05,0.37,0.35,0.21,0.02,0,0
7,3.02510609712642,0,0.01,0.26,0.43,0.27,0.03,0,0
7,3.09800021994874,0,0.02,0.32,0.41,0.19,0.06,0,0
7,3.17089434277107,0,0.07,0.21,0.47,0.23,0.02,0,0
7,3.24378846559339,0,0.05,0.23,0.43,0.26,0.03,0,0
7,3.31668258841571,0,0.07,0.25,0.44,0.2,0.04,0,0
7,3.38957671123804,0,0.05,0.24,0.47,0.2,0.04,0,0
7,3.46247083406036,0.01,0,0.22,0.47,0.27,0.02,0.01,0
7,3.53536495688268,0,0.08,0.2,0.43,0.26,0.03,0,0
7,3.60825907970501,0,0.05,0.24,0.38,0.3,0.03,0,0
7,3.68115320252733,0,0.05,0.21,0.45,0.24,0.05,0,0
7,3.75404732534965,0.01,0.01,0.26,0.47,0.21,0.04,0,0
7,3.82694144817198,0,0.04,0.21,0.42,0.29,0.04,0,0
7,3.8998355709943,0.01,0.05,0.28,0.41,0.22,0.03,0,0
7,3.97272969381662,0,0.04,0.24,0.5,0.21,0.01,0,0
7,4.04562381663895,0,0.01,0.19,0.54,0.2,0.05,0.01,0
7,4.11851793946127,0,0.02,0.18,0.41,0.32,0.07,0,0
7,4.19141206228359,0,0.01,0.26,0.42,0.29,0.02,0,0
7,4.26430618510592,0,0.04,0.3,0.35,0.3,0.01,0,0
7,4.33720030792824,0,0.01,0.26,0.52,0.17,0.04,0,0
7,4.41009443075056,0,0.01,0.26,0.47,0.18,0.06,0.02,0
7,4.48298855357289,0,0.06,0.27,0.38,0.23,0.06,0,0
7,4.55588267639521,0,0.02,0.17,0.41,0.32,0.07,0.01,0
7,4.62877679921753,0,0.01,0.29,0.4,0.19,0.1,0.01,0
7,4.70167092203986,0,0.02,0.31,0.45,0.16,0.06,0,0
7,4.77456504486218,0,0.04,0.16,0.47,0.24,0.08,0.01,0
7,4.8474591676845,0,0.03,0.21,0.46,0.25,0.05,0,0
7,4.92035329050683,0,0.02,0.23,0.4,0.31,0.04,0,0
7,4.99324741332915,0,0,0.25,0.37,0.35,0.03,0,0
7,5.06614153615147,0,0.02,0.26,0.33,0.3,0.09,0,0
7,5.1390356589738,0,0.01,0.24,0.47,0.24,0.04,0,0
7,5.21192978179612,0,0,0.15,0.49,0.35,0,0.01,0
7,5.28482390461844,0,0.01,0.16,0.45,0.32,0.06,0,0
7,5.35771802744077,0.02,0.01,0.24,0.47,0.22,0.04,0,0
7,5.43061215026309,0,0.02,0.22,0.34,0.34,0.08,0,0
7,5.50350627308541,0,0.02,0.14,0.55,0.24,0.05,0,0
7,5.57640039590774,0,0.02,0.19,0.43,0.33,0.03,0,0
7,5.64929451873006,0,0.04,0.24,0.36,0.31,0.05,0,0
7,5.72218864155238,0,0,0.13,0.46,0.32,0.09,0,0
7,5.79508276437471,0,0.02,0.18,0.46,0.28,0.06,0,0
7,5.86797688719703,0,0.05,0.18,0.48,0.25,0.04,0,0
7,5.94087101001935,0,0.04,0.18,0.43,0.3,0.04,0.01,0
7,6.01376513284168,0,0.03,0.21,0.4,0.33,0.03,0,0
7,6.086659255664,0,0,0.21,0.35,0.34,0.08,0.02,0
7,6.15955337848632,0,0.03,0.22,0.51,0.2,0.04,0,0
7,6.23244750130865,0,0.03,0.3,0.33,0.27,0.07,0,0
7,6.30534162413097,0,0.01,0.21,0.4,0.34,0.04,0,0
7,6.37823574695329,0,0.04,0.17,0.4,0.35,0.04,0,0
7,6.45112986977562,0,0.01,0.16,0.47,0.32,0.04,0,0
7,6.52402399259794,0,0.03,0.22,0.37,0.29,0.08,0.01,0
7,6.59691811542026,0,0.05,0.25,0.4,0.27,0.03,0,0
7,6.66981223824259,0,0,0.17,0.44,0.3,0.08,0.01,0
7,6.74270636106491,0,0.03,0.2,0.41,0.3,0.05,0.01,0
7,6.81560048388723,0,0.05,0.15,0.44,0.32,0.04,0,0
7,6.88849460670956,0,0.04,0.22,0.45,0.26,0.03,0,0
7,6.96138872953188,0,0.02,0.18,0.37,0.31,0.11,0.01,0
7,7.0342828523542,0,0.03,0.14,0.41,0.33,0.09,0,0
7,7.10717697517653,0,0.03,0.17,0.4,0.34,0.06,0,0
7,7.18007109799885,0,0,0.22,0.4,0.31,0.07,0,0
7,7.25296522082118,0,0.02,0.19,0.39,0.32,0.08,0,0
7,7.3258593436435,0,0.02,0.23,0.38,0.31,0.06,0,0
7,7.39875346646582,0,0.03,0.18,0.39,0.31,0.09,0,0
7,7.47164758928815,0,0.02,0.2,0.46,0.28,0.04,0,0
7,7.54454171211047,0,0.02,0.16,0.52,0.27,0.03,0,0
7,7.61743583493279,0,0.01,0.16,0.36,0.34,0.13,0,0
7,7.69032995775512,0,0.03,0.1,0.49,0.3,0.08,0,0
7,7.76322408057744,0,0,0.21,0.4,0.3,0.08,0.01,0
7,7.83611820339976,0,0.01,0.18,0.46,0.27,0.08,0,0
7,7.90901232622209,0,0.01,0.21,0.4,0.31,0.07,0,0
7,7.98190644904441,0,0.02,0.22,0.41,0.3,0.05,0,0
7,8.05480057186673,0,0,0.14,0.47,0.33,0.06,0,0
7,8.12769469468905,0,0.01,0.11,0.42,0.37,0.09,0,0
7,8.20058881751138,0,0.02,0.15,0.41,0.38,0.04,0,0
7,8.2734829403337,0,0.03,0.15,0.43,0.31,0.08,0,0
7,8.34637706315603,0,0.01,0.11,0.44,0.36,0.07,0.01,0
7,8.41927118597835,0,0.01,0.15,0.43,0.32,0.08,0.01,0
7,8.49216530880067,0,0.05,0.11,0.51,0.29,0.04,0,0
7,8.565059431623,0,0.01,0.21,0.38,0.3,0.09,0.01,0
7,8.63795355444532,0,0.04,0.21,0.38,0.3,0.06,0.01,0
7,8.71084767726764,0,0.01,0.27,0.36,0.33,0.03,0,0
7,8.78374180008997,0,0.01,0.15,0.39,0.38,0.07,0,0
7,8.85663592291229,0,0.02,0.15,0.45,0.29,0.09,0,0
7,8.92953004573461,0,0.01,0.19,0.4,0.33,0.07,0,0
7,9.00242416855694,0,0.02,0.17,0.35,0.31,0.15,0,0
7,9.07531829137926,0,0,0.17,0.42,0.34,0.07,0,0
7,9.14821241420158,0,0.01,0.16,0.45,0.33,0.05,0,0
7,9.22110653702391,0,0.03,0.1,0.47,0.3,0.1,0,0
7,9.29400065984623,0,0.02,0.19,0.41,0.32,0.06,0,0
7,9.36689478266855,0,0.02,0.16,0.36,0.34,0.12,0,0
7,9.43978890549088,0,0.01,0.18,0.44,0.31,0.06,0,0
7,9.5126830283132,0,0.02,0.16,0.42,0.33,0.07,0,0
7,9.58557715113552,0,0.03,0.22,0.31,0.36,0.08,0,0
7,9.65847127395785,0.01,0.02,0.17,0.43,0.28,0.09,0,0
7,9.73136539678017,0,0.03,0.14,0.41,0.36,0.06,0,0
7,9.80425951960249,0,0.02,0.2,0.36,0.36,0.05,0.01,0
7,9.87715364242482,0,0,0.26,0.43,0.24,0.07,0,0
7,9.95004776524714,0,0.02,0.12,0.56,0.23,0.07,0,0
7,10.0229418880695,0,0.01,0.22,0.37,0.33,0.06,0.01,0
7,10.0958360108918,0,0.03,0.16,0.37,0.34,0.1,0,0
7,10.1687301337141,0,0.01,0.2,0.41,0.31,0.07,0,0
7,10.2416242565364,0,0.01,0.15,0.48,0.33,0.03,0,0
7,10.3145183793588,0,0.02,0.14,0.46,0.31,0.07,0,0
7,10.3874125021811,0,0.03,0.18,0.39,0.33,0.07,0,0
7,10.4603066250034,0,0.01,0.19,0.39,0.38,0.03,0,0
7,10.5332007478257,0,0.01,0.18,0.38,0.35,0.07,0.01,0
7,10.606094870648,0,0.02,0.16,0.43,0.3,0.08,0.01,0
7,10.6789889934704,0,0.02,0.16,0.43,0.32,0.07,0,0
7,10.7518831162927,0,0,0.09,0.48,0.36,0.07,0,0
7,10.824777239115,0,0,0.15,0.39,0.38,0.08,0,0
7,10.8976713619373,0,0.01,0.19,0.41,0.31,0.07,0.01,0
7,10.9705654847597,0,0,0.26,0.39,0.28,0.07,0,0
7,11.043459607582,0,0.03,0.14,0.48,0.26,0.09,0,0
7,11.1163537304043,0,0.02,0.18,0.48,0.25,0.07,0,0
7,11.1892478532266,0,0.03,0.19,0.43,0.31,0.04,0,0
7,11.262141976049,0,0.03,0.13,0.45,0.36,0.03,0,0
7,11.3350360988713,0,0.02,0.19,0.35,0.37,0.07,0,0
7,11.4079302216936,0,0.01,0.13,0.36,0.46,0.04,0,0
7,11.4808243445159,0,0.05,0.14,0.4,0.33,0.08,0,0
7,11.5537184673383,0,0.02,0.09,0.51,0.34,0.04,0,0
7,11.6266125901606,0,0.02,0.17,0.43,0.34,0.04,0,0
7,11.6995067129829,0,0.02,0.14,0.51,0.31,0.02,0,0
7,11.7724008358052,0,0.02,0.1,0.39,0.41,0.08,0,0
7,11.8452949586275,0,0.01,0.18,0.46,0.27,0.08,0,0
7,11.9181890814499,0,0.04,0.2,0.34,0.36,0.06,0,0
7,11.9910832042722,0,0,0.17,0.45,0.29,0.08,0.01,0
7,12.0639773270945,0,0.01,0.14,0.39,0.4,0.06,0,0
7,12.1368714499168,0,0,0.15,0.43,0.33,0.09,0,0
7,12.2097655727392,0,0.02,0.17,0.41,0.3,0.1,0,0
7,12.2826596955615,0,0.02,0.11,0.4,0.38,0.09,0,0
7,12.3555538183838,0,0.04,0.15,0.37,0.36,0.08,0,0
7,12.4284479412061,0,0.01,0.15,0.37,0.36,0.1,0.01,0
7,12.5013420640285,0,0.04,0.11,0.35,0.39,0.11,0,0
7,12.5742361868508,0,0,0.15,0.4,0.35,0.1,0,0
7,12.6471303096731,0,0.02,0.21,0.29,0.42,0.06,0,0
7,12.7200244324954,0,0.02,0.15,0.41,0.35,0.06,0.01,0
7,12.7929185553178,0,0.01,0.09,0.47,0.38,0.05,0,0
7,12.8658126781401,0,0.01,0.15,0.41,0.35,0.08,0,0
7,12.9387068009624,0,0.01,0.13,0.46,0.32,0.07,0.01,0
7,13.0116009237847,0,0.01,0.08,0.49,0.31,0.1,0.01,0
7,13.084495046607,0,0.02,0.19,0.37,0.34,0.08,0,0
7,13.1573891694294,0,0,0.14,0.39,0.32,0.14,0.01,0
7,13.2302832922517,0,0,0.18,0.49,0.27,0.06,0,0
7,13.303177415074,0,0.01,0.18,0.4,0.34,0.07,0,0
7,13.3760715378963,0,0.04,0.13,0.45,0.31,0.07,0,0
7,13.4489656607187,0,0.02,0.11,0.38,0.39,0.1,0,0
7,13.521859783541,0,0.03,0.12,0.37,0.41,0.06,0.01,0
7,13.5947539063633,0,0.03,0.16,0.45,0.31,0.05,0,0
7,13.6676480291856,0,0,0.15,0.35,0.41,0.08,0.01,0
7,13.740542152008,0,0.02,0.1,0.47,0.32,0.09,0,0
7,13.8134362748303,0,0.02,0.14,0.44,0.29,0.1,0.01,0
7,13.8863303976526,0,0.02,0.15,0.38,0.35,0.1,0,0
7,13.9592245204749,0,0.01,0.08,0.46,0.37,0.07,0.01,0
7,14.0321186432972,0,0.02,0.11,0.48,0.3,0.09,0,0
7,14.1050127661196,0,0,0.14,0.33,0.46,0.07,0,0
7,14.1779068889419,0,0.02,0.13,0.41,0.36,0.08,0,0
7,14.2508010117642,0,0.03,0.21,0.41,0.27,0.08,0,0
7,14.3236951345865,0,0.01,0.13,0.37,0.41,0.08,0,0
7,14.3965892574089,0,0,0.18,0.44,0.27,0.11,0,0
7,14.4694833802312,0,0.01,0.16,0.35,0.38,0.09,0.01,0
7,14.5423775030535,0,0.04,0.11,0.44,0.32,0.09,0,0
7,14.6152716258758,0,0.01,0.16,0.44,0.27,0.12,0,0
7,14.6881657486982,0,0.02,0.13,0.42,0.32,0.11,0,0
7,14.7610598715205,0,0.03,0.17,0.37,0.37,0.06,0,0
7,14.8339539943428,0,0.03,0.23,0.37,0.28,0.09,0,0
7,14.9068481171651,0,0.03,0.04,0.47,0.36,0.1,0,0
7,14.9797422399875,0,0.02,0.16,0.41,0.37,0.04,0,0
7,15.0526363628098,0,0.01,0.11,0.37,0.4,0.11,0,0
7,15.1255304856321,0,0.03,0.2,0.41,0.3,0.06,0,0
7,15.1984246084544,0,0,0.2,0.33,0.44,0.02,0.01,0
7,15.2713187312767,0,0.01,0.16,0.47,0.34,0.02,0,0
7,15.3442128540991,0,0.01,0.16,0.41,0.33,0.09,0,0
7,15.4171069769214,0,0.01,0.14,0.45,0.33,0.06,0.01,0
7,15.4900010997437,0,0.03,0.17,0.32,0.37,0.11,0,0
7,15.562895222566,0,0.01,0.13,0.46,0.29,0.11,0,0
7,15.6357893453884,0,0.01,0.12,0.41,0.4,0.06,0,0
7,15.7086834682107,0,0.01,0.2,0.45,0.26,0.08,0,0
7,15.781577591033,0,0,0.16,0.43,0.35,0.06,0,0
7,15.8544717138553,0,0.03,0.1,0.43,0.31,0.13,0,0
7,15.9273658366777,0,0,0.13,0.52,0.25,0.09,0.01,0
7,16.0002599595,0,0.01,0.2,0.44,0.31,0.04,0,0
7,16.0731540823223,0,0.02,0.2,0.35,0.37,0.06,0,0
7,16.1460482051446,0,0.02,0.12,0.42,0.35,0.07,0.02,0
7,16.218942327967,0,0,0.14,0.4,0.39,0.06,0.01,0
7,16.2918364507893,0,0,0.09,0.41,0.34,0.16,0,0
7,16.3647305736116,0,0.02,0.12,0.41,0.37,0.08,0,0
7,16.4376246964339,0,0.01,0.15,0.45,0.34,0.05,0,0
7,16.5105188192562,0,0,0.2,0.4,0.32,0.08,0,0
7,16.5834129420786,0,0.01,0.14,0.41,0.34,0.1,0,0
7,16.6563070649009,0,0.04,0.17,0.38,0.3,0.11,0,0
7,16.7292011877232,0,0.02,0.15,0.44,0.32,0.07,0,0
7,16.8020953105455,0,0.04,0.12,0.58,0.22,0.03,0.01,0
7,16.8749894333679,0,0,0.17,0.37,0.37,0.08,0.01,0
7,16.9478835561902,0,0.02,0.18,0.39,0.34,0.07,0,0
7,17.0207776790125,0,0,0.14,0.47,0.29,0.1,0,0
7,17.0936718018348,0,0,0.14,0.49,0.26,0.1,0.01,0
7,17.1665659246572,0.01,0.04,0.14,0.38,0.39,0.04,0,0
7,17.2394600474795,0,0.01,0.13,0.43,0.38,0.05,0,0
7,17.3123541703018,0,0,0.22,0.34,0.37,0.07,0,0
7,17.3852482931241,0,0.02,0.16,0.45,0.33,0.03,0.01,0
7,17.4581424159464,0,0,0.19,0.4,0.35,0.05,0.01,0
7,17.5310365387688,0,0.01,0.12,0.42,0.33,0.11,0.01,0
7,17.6039306615911,0,0.01,0.14,0.44,0.32,0.09,0,0
7,17.6768247844134,0,0.03,0.13,0.47,0.27,0.09,0.01,0
7,17.7497189072357,0,0.01,0.19,0.39,0.37,0.04,0,0
7,17.8226130300581,0,0.01,0.13,0.52,0.3,0.04,0,0
7,17.8955071528804,0.01,0.02,0.15,0.4,0.3,0.12,0,0
7,17.9684012757027,0,0.02,0.13,0.34,0.46,0.05,0,0
7,18.041295398525,0,0.01,0.16,0.5,0.23,0.1,0,0
7,18.1141895213474,0,0.01,0.1,0.42,0.39,0.08,0,0
7,18.1870836441697,0,0.01,0.13,0.45,0.34,0.07,0,0
7,18.259977766992,0,0,0.12,0.52,0.28,0.08,0,0
7,18.3328718898143,0,0.01,0.14,0.44,0.32,0.09,0,0
7,18.4057660126366,0,0.02,0.2,0.36,0.34,0.08,0,0
7,18.478660135459,0,0.01,0.14,0.46,0.3,0.08,0.01,0
7,18.5515542582813,0,0,0.1,0.31,0.45,0.14,0,0
7,18.6244483811036,0,0.02,0.12,0.38,0.37,0.11,0,0
7,18.6973425039259,0,0.06,0.1,0.38,0.34,0.11,0.01,0
7,18.7702366267483,0,0.01,0.23,0.41,0.29,0.06,0,0
7,18.8431307495706,0,0.03,0.12,0.42,0.39,0.04,0,0
7,18.9160248723929,0,0.01,0.09,0.36,0.44,0.1,0,0
7,18.9889189952152,0,0.01,0.17,0.41,0.37,0.04,0,0
7,19.0618131180376,0,0.02,0.12,0.48,0.34,0.04,0,0
7,19.1347072408599,0,0.01,0.16,0.42,0.35,0.06,0,0
7,19.2076013636822,0,0,0.14,0.42,0.4,0.04,0,0
7,19.2804954865045,0,0.02,0.15,0.38,0.36,0.09,0,0
7,19.3533896093269,0,0.02,0.18,0.34,0.36,0.1,0,0
7,19.4262837321492,0,0,0.16,0.42,0.35,0.07,0,0
7,19.4991778549715,0,0.02,0.15,0.37,0.4,0.06,0,0
7,19.5720719777938,0,0.03,0.09,0.38,0.41,0.09,0,0
7,19.6449661006161,0,0.02,0.12,0.43,0.35,0.08,0,0
7,19.7178602234385,0,0.03,0.17,0.34,0.35,0.11,0,0
7,19.7907543462608,0,0.01,0.14,0.4,0.36,0.08,0.01,0
7,19.8636484690831,0,0.03,0.13,0.32,0.44,0.07,0.01,0
7,19.9365425919054,0,0.01,0.18,0.39,0.33,0.09,0,0
7,20.0094367147278,0,0.02,0.17,0.35,0.37,0.09,0,0
7,20.0823308375501,0,0.03,0.17,0.43,0.26,0.09,0.02,0
7,20.1552249603724,0,0,0.14,0.35,0.46,0.05,0,0
7,20.2281190831947,0,0.01,0.1,0.35,0.46,0.07,0.01,0
7,20.3010132060171,0,0,0.15,0.4,0.39,0.06,0,0
7,20.3739073288394,0,0.02,0.12,0.41,0.38,0.07,0,0
7,20.4468014516617,0,0,0.12,0.51,0.31,0.06,0,0
7,20.519695574484,0,0,0.11,0.55,0.24,0.1,0,0
7,20.5925896973064,0,0.01,0.16,0.35,0.38,0.1,0,0
7,20.6654838201287,0,0.03,0.14,0.35,0.43,0.05,0,0
7,20.738377942951,0,0,0.15,0.38,0.34,0.13,0,0
7,20.8112720657733,0,0.03,0.1,0.43,0.37,0.07,0,0
7,20.8841661885956,0,0.02,0.15,0.34,0.44,0.05,0,0
7,20.957060311418,0,0.01,0.13,0.39,0.34,0.13,0,0
7,21.0299544342403,0,0,0.19,0.46,0.31,0.04,0,0
7,21.1028485570626,0,0,0.22,0.4,0.34,0.04,0,0
7,21.1757426798849,0,0,0.14,0.44,0.35,0.06,0.01,0
7,21.2486368027073,0,0.02,0.1,0.41,0.37,0.1,0,0
7,21.3215309255296,0,0.01,0.23,0.34,0.31,0.11,0,0
7,21.3944250483519,0.01,0.02,0.13,0.39,0.34,0.11,0,0
7,21.4673191711742,0,0.01,0.15,0.4,0.38,0.06,0,0
7,21.5402132939966,0,0.02,0.15,0.42,0.31,0.1,0,0
7,21.6131074168189,0,0.01,0.12,0.45,0.36,0.06,0,0
7,21.6860015396412,0,0.02,0.18,0.43,0.31,0.06,0,0
7,21.7588956624635,0,0.03,0.09,0.52,0.28,0.08,0,0
7,21.8317897852858,0,0,0.19,0.41,0.36,0.04,0,0
